year,state,cancer_death_count
1995,AL,9414.0
1995,AK,574.0
1995,AZ,8020.0
1995,AR,6079.0
1995,CA,51423.0
1995,CO,5467.0
1995,CT,7060.0
1995,DE,1630.0
1995,,1481.0
1995,FL,37321.0
1995,GA,12765.0
1995,HI,1856.0
1995,ID,2006.0
1995,IL,25100.0
1995,IN,12554.0
1995,IA,6226.0
1995,KS,5283.0
1995,KY,8847.0
1995,LA,9304.0
1995,ME,3015.0
1995,MD,10181.0
1995,MA,14083.0
1995,MI,19430.0
1995,MN,8693.0
1995,MS,5748.0
1995,MO,12282.0
1995,MT,1770.0
1995,NE,3375.0
1995,NV,2976.0
1995,NH,2356.0
1995,NJ,18427.0
1995,NM,2689.0
1995,NY,38684.0
1995,NC,14879.0
1995,ND,1375.0
1995,OH,25208.0
1995,OK,7142.0
1995,OR,6744.0
1995,PA,30267.0
1995,RI,2478.0
1995,SC,7416.0
1995,SD,1564.0
1995,TN,11611.0
1995,TX,31622.0
1995,UT,2119.0
1995,VT,1163.0
1995,VA,12600.0
1995,WA,9938.0
1995,WV,4743.0
1995,WI,10571.0
1995,WY,896.0
1996,AL,9502.0
1996,AK,646.0
1996,AZ,8319.0
1996,AR,5962.0
1996,CA,51055.0
1996,CO,5655.0
1996,CT,7146.0
1996,DE,1688.0
1996,,1380.0
1996,FL,37694.0
1996,GA,12432.0
1996,HI,1861.0
1996,ID,1987.0
1996,IL,24783.0
1996,IN,12487.0
1996,IA,6493.0
1996,KS,5344.0
1996,KY,9025.0
1996,LA,9314.0
1996,ME,2952.0
1996,MD,10161.0
1996,MA,13952.0
1996,MI,19585.0
1996,MN,8846.0
1996,MS,5757.0
1996,MO,11960.0
1996,MT,1768.0
1996,NE,3326.0
1996,NV,3192.0
1996,NH,2387.0
1996,NJ,18315.0
1996,NM,2740.0
1996,NY,38149.0
1996,NC,15192.0
1996,ND,1392.0
1996,OH,25326.0
1996,OK,7128.0
1996,OR,6711.0
1996,PA,30511.0
1996,RI,2516.0
1996,SC,7619.0
1996,SD,1541.0
1996,TN,11617.0
1996,TX,32007.0
1996,UT,2105.0
1996,VT,1207.0
1996,VA,12710.0
1996,WA,10063.0
1996,WV,4673.0
1996,WI,10483.0
1996,WY,869.0
1997,AL,9577.0
1997,AK,622.0
1997,AZ,8448.0
1997,AR,6063.0
1997,CA,51990.0
1997,CO,5647.0
1997,CT,7137.0
1997,DE,1669.0
1997,,1348.0
1997,FL,38100.0
1997,GA,13025.0
1997,HI,1846.0
1997,ID,1947.0
1997,IL,24479.0
1997,IN,12332.0
1997,IA,6331.0
1997,KS,5219.0
1997,KY,8970.0
1997,LA,9352.0
1997,ME,2980.0
1997,MD,10129.0
1997,MA,13687.0
1997,MI,19610.0
1997,MN,8777.0
1997,MS,5849.0
1997,MO,11959.0
1997,MT,1788.0
1997,NE,3238.0
1997,NV,3179.0
1997,NH,2414.0
1997,NJ,18157.0
1997,NM,2766.0
1997,NY,37360.0
1997,NC,15171.0
1997,ND,1322.0
1997,OH,24693.0
1997,OK,7235.0
1997,OR,6768.0
1997,PA,30181.0
1997,RI,2466.0
1997,SC,7640.0
1997,SD,1548.0
1997,TN,11861.0
1997,TX,32193.0
1997,UT,2133.0
1997,VT,1230.0
1997,VA,12928.0
1997,WA,10035.0
1997,WV,4757.0
1997,WI,10577.0
1997,WY,844.0
1998,AL,9680.0
1998,AK,651.0
1998,AZ,8477.0
1998,AR,5961.0
1998,CA,51428.0
1998,CO,5814.0
1998,CT,7106.0
1998,DE,1652.0
1998,,1357.0
1998,FL,38171.0
1998,GA,13128.0
1998,HI,1969.0
1998,ID,2089.0
1998,IL,24637.0
1998,IN,12652.0
1998,IA,6429.0
1998,KS,5110.0
1998,KY,8875.0
1998,LA,9358.0
1998,ME,2919.0
1998,MD,10199.0
1998,MA,13811.0
1998,MI,19398.0
1998,MN,8798.0
1998,MS,5958.0
1998,MO,12338.0
1998,MT,1825.0
1998,NE,3277.0
1998,NV,3523.0
1998,NH,2434.0
1998,NJ,18032.0
1998,NM,2741.0
1998,NY,36914.0
1998,NC,15357.0
1998,ND,1339.0
1998,OH,24946.0
1998,OK,7109.0
1998,OR,6970.0
1998,PA,29821.0
1998,RI,2480.0
1998,SC,7705.0
1998,SD,1564.0
1998,TN,11990.0
1998,TX,32315.0
1998,UT,2371.0
1998,VT,1213.0
1998,VA,12891.0
1998,WA,10277.0
1998,WV,4724.0
1998,WI,10904.0
1998,WY,845.0
1999,AL,19894.0
2000,AL,20462.0
2001,AL,21738.0
2002,AL,22134.0
2003,AL,21477.0
2004,AL,22966.0
2005,AL,23356.0
2006,AL,24132.0
2007,AL,25078.0
2008,AL,26068.0
2009,AL,26113.0
2010,AL,26167.0
2011,AL,26055.0
2012,AL,26357.0
2013,AL,26490.0
2014,AL,26450.0
2015,AL,27623.0
2016,AL,28318.0
2017,AL,28165.0
1999,AK,2045.0
2000,AK,2134.0
2001,AK,2270.0
2002,AK,2351.0
2003,AK,2362.0
2004,AK,2549.0
2005,AK,2466.0
2006,AK,2609.0
2007,AK,2676.0
2008,AK,2821.0
2009,AK,2846.0
2010,AK,2961.0
2011,AK,2912.0
2012,AK,2877.0
2013,AK,2954.0
2014,AK,2979.0
2015,AK,3073.0
2016,AK,3100.0
2017,AK,3137.0
1999,AZ,22084.0
2000,AZ,22859.0
2001,AZ,24125.0
2002,AZ,24271.0
2003,AZ,24742.0
2004,AZ,25279.0
2005,AZ,26191.0
2006,AZ,27309.0
2007,AZ,28496.0
2008,AZ,28613.0
2009,AZ,30015.0
2010,AZ,29771.0
2011,AZ,30620.0
2012,AZ,30438.0
2013,AZ,31245.0
2014,AZ,32709.0
2015,AZ,33408.0
2016,AZ,34076.0
2017,AZ,35264.0
1999,AR,12892.0
2000,AR,13116.0
2001,AR,13613.0
2002,AR,13651.0
2003,AR,14226.0
2004,AR,14288.0
2005,AR,14595.0
2006,AR,14839.0
2007,AR,15386.0
2008,AR,15319.0
2009,AR,15526.0
2010,AR,15737.0
2011,AR,15733.0
2012,AR,16186.0
2013,AR,16756.0
2014,AR,17158.0
2015,AR,17821.0
2016,AR,17890.0
2017,AR,18235.0
1999,CA,140652.0
2000,CA,141905.0
2001,CA,147074.0
2002,CA,148802.0
2003,CA,147364.0
2004,CA,151500.0
2005,CA,153748.0
2006,CA,155464.0
2007,CA,161983.0
2008,CA,164793.0
2009,CA,167199.0
2010,CA,168209.0
2011,CA,168767.0
2012,CA,169364.0
2013,CA,171199.0
2014,CA,174156.0
2015,CA,178324.0
2016,CA,179405.0
2017,CA,184227.0
1999,CO,16723.0
2000,CO,17431.0
2001,CO,18459.0
2002,CO,18705.0
2003,CO,18771.0
2004,CO,19097.0
2005,CO,19619.0
2006,CO,20031.0
2007,CO,21522.0
2008,CO,21812.0
2009,CO,22566.0
2010,CO,22324.0
2011,CO,22726.0
2012,CO,22964.0
2013,CO,23363.0
2014,CO,23836.0
2015,CO,24123.0
2016,CO,24805.0
2017,CO,25590.0
1999,CT,19473.0
2000,CT,20105.0
2001,CT,20545.0
2002,CT,20504.0
2003,CT,20452.0
2004,CT,20438.0
2005,CT,20846.0
2006,CT,21618.0
2007,CT,21725.0
2008,CT,21900.0
2009,CT,22368.0
2010,CT,22047.0
2011,CT,21983.0
2012,CT,22048.0
2013,CT,22111.0
2014,CT,22005.0
2015,CT,22388.0
2016,CT,22699.0
2017,CT,22833.0
1999,DE,4137.0
2000,DE,4299.0
2001,DE,4490.0
2002,DE,4537.0
2003,DE,4524.0
2004,DE,4707.0
2005,DE,4993.0
2006,DE,5303.0
2007,DE,5372.0
2008,DE,5508.0
2009,DE,5590.0
2010,DE,5555.0
2011,DE,5763.0
2012,DE,5827.0
2013,DE,6066.0
2014,DE,6016.0
2015,DE,6237.0
2016,DE,6324.0
2017,DE,6027.0
1999,,2999.0
2000,,3033.0
2001,,2988.0
2002,,2980.0
2003,,3142.0
2004,,2814.0
2005,,2829.0
2006,,2848.0
2007,,3049.0
2008,,2906.0
2009,,2974.0
2010,,3103.0
2011,,3293.0
2012,,3195.0
2013,,2980.0
2014,,3070.0
2015,,2897.0
2016,,2898.0
2017,,3124.0
1999,FL,102832.0
2000,FL,106638.0
2001,FL,108318.0
2002,FL,107361.0
2003,FL,106387.0
2004,FL,106810.0
2005,FL,110474.0
2006,FL,111608.0
2007,FL,114663.0
2008,FL,117282.0
2009,FL,117262.0
2010,FL,118932.0
2011,FL,125958.0
2012,FL,123640.0
2013,FL,132471.0
2014,FL,134178.0
2015,FL,138756.0
2016,FL,140556.0
2017,FL,140490.0
1999,GA,31329.0
2000,GA,34104.0
2001,GA,35744.0
2002,GA,36869.0
2003,GA,37146.0
2004,GA,38249.0
2005,GA,38879.0
2006,GA,40849.0
2007,GA,43881.0
2008,GA,44817.0
2009,GA,45726.0
2010,GA,45095.0
2011,GA,47096.0
2012,GA,48554.0
2013,GA,49116.0
2014,GA,51017.0
2015,GA,52775.0
2016,GA,54726.0
2017,GA,55556.0
1999,HI,5609.0
2000,HI,5474.0
2001,HI,5855.0
2002,HI,5909.0
2003,HI,5983.0
2004,HI,6306.0
2005,HI,6378.0
2006,HI,6454.0
2007,HI,6729.0
2008,HI,6994.0
2009,HI,7094.0
2010,HI,7023.0
2011,HI,7105.0
2012,HI,7173.0
2013,HI,7416.0
2014,HI,7406.0
2015,HI,7576.0
2016,HI,7815.0
2017,HI,8007.0
1999,ID,5376.0
2000,ID,5830.0
2001,ID,5902.0
2002,ID,6148.0
2003,ID,6194.0
2004,ID,6403.0
2005,ID,6800.0
2006,ID,7007.0
2007,ID,7434.0
2008,ID,7475.0
2009,ID,7692.0
2010,ID,7751.0
2011,ID,7919.0
2012,ID,7901.0
2013,ID,7827.0
2014,ID,8333.0
2015,ID,8688.0
2016,ID,8907.0
2017,ID,9332.0
1999,IL,60593.0
2000,IL,61174.0
2001,IL,63023.0
2002,IL,64344.0
2003,IL,63026.0
2004,IL,63828.0
2005,IL,64304.0
2006,IL,66267.0
2007,IL,67678.0
2008,IL,69109.0
2009,IL,69727.0
2010,IL,68394.0
2011,IL,69852.0
2012,IL,68951.0
2013,IL,69744.0
2014,IL,71175.0
2015,IL,72738.0
2016,IL,73382.0
2017,IL,74197.0
1999,IN,28611.0
2000,IN,29800.0
2001,IN,31231.0
2002,IN,31654.0
2003,IN,31699.0
2004,IN,31572.0
2005,IN,32181.0
2006,IN,33279.0
2007,IN,33535.0
2008,IN,34019.0
2009,IN,33880.0
2010,IN,34038.0
2011,IN,34587.0
2012,IN,34831.0
2013,IN,35479.0
2014,IN,36262.0
2015,IN,37405.0
2016,IN,38117.0
2017,IN,39203.0
1999,IA,16254.0
2000,IA,16190.0
2001,IA,16648.0
2002,IA,16793.0
2003,IA,16542.0
2004,IA,16775.0
2005,IA,16974.0
2006,IA,17320.0
2007,IA,17400.0
2008,IA,17586.0
2009,IA,18201.0
2010,IA,18131.0
2011,IA,18216.0
2012,IA,17863.0
2013,IA,17903.0
2014,IA,18739.0
2015,IA,19094.0
2016,IA,19460.0
2017,IA,19832.0
1999,KS,13057.0
2000,KS,13156.0
2001,KS,13167.0
2002,KS,13278.0
2003,KS,13625.0
2004,KS,13869.0
2005,KS,13934.0
2006,KS,14209.0
2007,KS,14894.0
2008,KS,15139.0
2009,KS,14997.0
2010,KS,14935.0
2011,KS,15409.0
2012,KS,15383.0
2013,KS,15212.0
2014,KS,15303.0
2015,KS,15994.0
2016,KS,15889.0
2017,KS,16377.0
1999,KY,21411.0
2000,KY,21866.0
2001,KY,22464.0
2002,KY,22465.0
2003,KY,22553.0
2004,KY,23079.0
2005,KY,23351.0
2006,KY,24583.0
2007,KY,25218.0
2008,KY,25410.0
2009,KY,25647.0
2010,KY,26240.0
2011,KY,26523.0
2012,KY,27156.0
2013,KY,27370.0
2014,KY,28063.0
2015,KY,28557.0
2016,KY,28618.0
2017,KY,29150.0
1999,LA,20939.0
2000,LA,21216.0
2001,LA,21989.0
2002,LA,22115.0
2003,LA,22188.0
2004,LA,22734.0
2005,LA,21675.0
2006,LA,22266.0
2007,LA,23139.0
2008,LA,23687.0
2009,LA,24510.0
2010,LA,24514.0
2011,LA,25111.0
2012,LA,25207.0
2013,LA,25232.0
2014,LA,25876.0
2015,LA,26385.0
2016,LA,26689.0
2017,LA,27280.0
1999,ME,7418.0
2000,ME,7808.0
2001,ME,8136.0
2002,ME,8201.0
2003,ME,8240.0
2004,ME,8623.0
2005,ME,8651.0
2006,ME,8992.0
2007,ME,8918.0
2008,ME,8868.0
2009,ME,8775.0
2010,ME,8823.0
2011,ME,8785.0
2012,ME,8972.0
2013,ME,8870.0
2014,ME,9174.0
2015,ME,9234.0
2016,ME,9461.0
2017,ME,9643.0
1999,MD,25751.0
2000,MD,26075.0
2001,MD,25524.0
2002,MD,27357.0
2003,MD,28181.0
2004,MD,26516.0
2005,MD,26924.0
2006,MD,27146.0
2007,MD,29095.0
2008,MD,29759.0
2009,MD,29822.0
2010,MD,30153.0
2011,MD,30341.0
2012,MD,30392.0
2013,MD,31905.0
2014,MD,31885.0
2015,MD,32768.0
2016,MD,33064.0
2017,MD,34238.0
1999,MA,34660.0
2000,MA,35347.0
2001,MA,36134.0
2002,MA,36938.0
2003,MA,36086.0
2004,MA,36403.0
2005,MA,36979.0
2006,MA,38074.0
2007,MA,38321.0
2008,MA,38978.0
2009,MA,38911.0
2010,MA,37557.0
2011,MA,38674.0
2012,MA,38382.0
2013,MA,38307.0
2014,MA,38919.0
2015,MA,39845.0
2016,MA,41015.0
2017,MA,41145.0
1999,MI,52172.0
2000,MI,53102.0
2001,MI,54147.0
2002,MI,55023.0
2003,MI,55207.0
2004,MI,54373.0
2005,MI,55049.0
2006,MI,56135.0
2007,MI,58482.0
2008,MI,58096.0
2009,MI,57828.0
2010,MI,57899.0
2011,MI,59001.0
2012,MI,57179.0
2013,MI,56729.0
2014,MI,56933.0
2015,MI,59063.0
2016,MI,60650.0
2017,MI,60089.0
1999,MN,22571.0
2000,MN,23508.0
2001,MN,24392.0
2002,MN,24543.0
2003,MN,24520.0
2004,MN,25324.0
2005,MN,25499.0
2006,MN,26341.0
2007,MN,27850.0
2008,MN,28050.0
2009,MN,27973.0
2010,MN,28220.0
2011,MN,29064.0
2012,MN,29149.0
2013,MN,29213.0
2014,MN,29865.0
2015,MN,31725.0
2016,MN,31517.0
2017,MN,33427.0
2003,MS,13593.0
2004,MS,13903.0
2005,MS,14049.0
2006,MS,14647.0
2007,MS,15601.0
2008,MS,15866.0
2009,MS,15651.0
2010,MS,16121.0
2011,MS,16057.0
2012,MS,16138.0
2013,MS,16462.0
2014,MS,16808.0
2015,MS,16981.0
2016,MS,17407.0
2017,MS,17665.0
1999,MO,28364.0
2000,MO,28277.0
2001,MO,29115.0
2002,MO,29462.0
2003,MO,29717.0
2004,MO,29860.0
2005,MO,31581.0
2006,MO,31909.0
2007,MO,32340.0
2008,MO,32353.0
2009,MO,33472.0
2010,MO,32754.0
2011,MO,33872.0
2012,MO,34084.0
2013,MO,33725.0
2014,MO,34689.0
2015,MO,35188.0
2016,MO,35321.0
2017,MO,37113.0
1999,MT,4742.0
2000,MT,4953.0
2001,MT,5185.0
2002,MT,5182.0
2003,MT,5168.0
2004,MT,5132.0
2005,MT,5426.0
2006,MT,5451.0
2007,MT,5591.0
2008,MT,5599.0
2009,MT,5874.0
2010,MT,5876.0
2011,MT,6014.0
2012,MT,5824.0
2013,MT,5980.0
2014,MT,6021.0
2015,MT,6465.0
2016,MT,6626.0
2017,MT,6838.0
1999,NE,8767.0
2000,NE,8875.0
2001,NE,8951.0
2002,NE,9097.0
2003,NE,8915.0
2004,NE,9107.0
2005,NE,9320.0
2006,NE,9476.0
2007,NE,9794.0
2008,NE,9774.0
2009,NE,9399.0
2010,NE,9683.0
2011,NE,9710.0
2012,NE,9614.0
2013,NE,9866.0
2014,NE,9948.0
2015,NE,10354.0
2016,NE,10653.0
2017,NE,10919.0
1999,NV,7772.0
2000,NV,9922.0
2001,NV,10203.0
2002,NV,10631.0
2003,NV,10602.0
2004,NV,11094.0
2005,NV,10996.0
2006,NV,11690.0
2007,NV,11695.0
2008,NV,12534.0
2009,NV,12807.0
2010,NV,12439.0
2011,NV,12757.0
2012,NV,12613.0
2013,NV,12942.0
2014,NV,13005.0
2015,NV,12944.0
2016,NV,14064.0
2017,NV,15091.0
1999,NH,6105.0
2000,NH,6469.0
2001,NH,6832.0
2002,NH,7172.0
2003,NH,7089.0
2004,NH,7305.0
2005,NH,7552.0
2006,NH,7651.0
2007,NH,7803.0
2008,NH,8071.0
2009,NH,8047.0
2010,NH,8126.0
2011,NH,8436.0
2012,NH,8242.0
2013,NH,8551.0
2014,NH,8508.0
2015,NH,8618.0
2016,NH,9022.0
2017,NH,9119.0
1999,NJ,46958.0
2000,NJ,48073.0
2001,NJ,50441.0
2002,NJ,50142.0
2003,NJ,48470.0
2004,NJ,48834.0
2005,NJ,49127.0
2006,NJ,50894.0
2007,NJ,51547.0
2008,NJ,51664.0
2009,NJ,52294.0
2010,NJ,51929.0
2011,NJ,52985.0
2012,NJ,52441.0
2013,NJ,53664.0
2014,NJ,53472.0
2015,NJ,54963.0
2016,NJ,55405.0
2017,NJ,56547.0
1999,NM,7529.0
2000,NM,7496.0
2001,NM,7866.0
2002,NM,8127.0
2003,NM,8095.0
2004,NM,8544.0
2005,NM,8544.0
2006,NM,8747.0
2007,NM,9096.0
2008,NM,9313.0
2009,NM,9412.0
2010,NM,9381.0
2011,NM,9270.0
2012,NM,9270.0
2013,NM,9460.0
2014,NM,9684.0
2015,NM,9977.0
2016,NM,10079.0
2017,NM,10173.0
1999,NY,97845.0
2000,NY,101083.0
2001,NY,102071.0
2002,NY,103071.0
2003,NY,103375.0
2004,NY,104422.0
2005,NY,106087.0
2006,NY,109343.0
2007,NY,111512.0
2008,NY,113673.0
2009,NY,114557.0
2010,NY,112266.0
2011,NY,116621.0
2012,NY,113592.0
2013,NY,117618.0
2014,NY,117472.0
2015,NY,119048.0
2016,NY,120129.0
2017,NY,122822.0
1999,NC,35663.0
2000,NC,37690.0
2001,NC,38751.0
2002,NC,39340.0
2003,NC,40340.0
2004,NC,43139.0
2005,NC,45522.0
2006,NC,47000.0
2007,NC,49033.0
2008,NC,50148.0
2009,NC,52317.0
2010,NC,52307.0
2011,NC,53537.0
2012,NC,53090.0
2013,NC,55168.0
2014,NC,56715.0
2015,NC,58873.0
2016,NC,59555.0
2017,NC,61326.0
1999,ND,3279.0
2000,ND,3272.0
2001,ND,3334.0
2002,ND,3381.0
2003,ND,3371.0
2004,ND,3436.0
2005,ND,3568.0
2006,ND,3591.0
2007,ND,3711.0
2008,ND,3650.0
2009,ND,3616.0
2010,ND,3747.0
2011,ND,3881.0
2012,ND,3903.0
2013,ND,3767.0
2014,ND,3852.0
2015,ND,3965.0
2016,ND,3979.0
2017,ND,4103.0
1999,OH,58836.0
2000,OH,57592.0
2001,OH,59516.0
2002,OH,59999.0
2003,OH,59036.0
2004,OH,60784.0
2005,OH,62030.0
2006,OH,62787.0
2007,OH,63688.0
2008,OH,65407.0
2009,OH,66132.0
2010,OH,64065.0
2011,OH,65897.0
2012,OH,64679.0
2013,OH,66573.0
2014,OH,67936.0
2015,OH,70371.0
2016,OH,70211.0
2017,OH,71844.0
1999,OK,16515.0
2000,OK,16793.0
2001,OK,17284.0
2002,OK,17821.0
2003,OK,18476.0
2004,OK,18328.0
2005,OK,18388.0
2006,OK,19497.0
2007,OK,20305.0
2008,OK,19505.0
2009,OK,19596.0
2010,OK,19299.0
2011,OK,19581.0
2012,OK,19778.0
2013,OK,20028.0
2014,OK,20610.0
2015,OK,21228.0
2016,OK,21037.0
2017,OK,20892.0
1999,OR,18179.0
2000,OR,17995.0
2001,OR,18486.0
2002,OR,18450.0
2003,OR,18145.0
2004,OR,19058.0
2005,OR,19314.0
2006,OR,19861.0
2007,OR,20105.0
2008,OR,21175.0
2009,OR,20698.0
2010,OR,20529.0
2011,OR,21505.0
2012,OR,21131.0
2013,OR,22047.0
2014,OR,22325.0
2015,OR,22788.0
2016,OR,22745.0
2017,OR,23645.0
1999,PA,73148.0
2000,PA,73594.0
2001,PA,76923.0
2002,PA,76504.0
2003,PA,75420.0
2004,PA,75606.0
2005,PA,76431.0
2006,PA,78574.0
2007,PA,80090.0
2008,PA,80599.0
2009,PA,81057.0
2010,PA,81546.0
2011,PA,83159.0
2012,PA,80810.0
2013,PA,82497.0
2014,PA,82029.0
2015,PA,83575.0
2016,PA,84040.0
2017,PA,84032.0
1999,RI,6330.0
2000,RI,6377.0
2001,RI,6375.0
2002,RI,6442.0
2003,RI,6218.0
2004,RI,6566.0
2005,RI,6276.0
2006,RI,6580.0
2007,RI,6669.0
2008,RI,6626.0
2009,RI,6616.0
2010,RI,6335.0
2011,RI,6454.0
2012,RI,6656.0
2013,RI,6636.0
2014,RI,6711.0
2015,RI,6596.0
2016,RI,6614.0
2017,RI,6721.0
1999,SC,19380.0
2000,SC,19575.0
2001,SC,20400.0
2002,SC,21605.0
2003,SC,21319.0
2004,SC,21822.0
2005,SC,22703.0
2006,SC,23317.0
2007,SC,24354.0
2008,SC,24494.0
2009,SC,24979.0
2010,SC,25783.0
2011,SC,26083.0
2012,SC,26895.0
2013,SC,27147.0
2014,SC,27813.0
2015,SC,29305.0
2016,SC,29284.0
2017,SC,29530.0
2001,SD,4047.0
2002,SD,4440.0
2003,SD,4140.0
2004,SD,4159.0
2005,SD,4064.0
2006,SD,4013.0
2007,SD,4347.0
2008,SD,4296.0
2009,SD,4456.0
2010,SD,4430.0
2011,SD,4724.0
2012,SD,4543.0
2013,SD,4787.0
2014,SD,4808.0
2015,SD,4710.0
2016,SD,4937.0
2017,SD,5022.0
1999,TN,22778.0
2000,TN,23846.0
2001,TN,24217.0
2002,TN,25106.0
2003,TN,26849.0
2004,TN,28597.0
2005,TN,31224.0
2006,TN,32064.0
2007,TN,33248.0
2008,TN,34182.0
2009,TN,35343.0
2010,TN,35276.0
2011,TN,35825.0
2012,TN,36115.0
2013,TN,36369.0
2014,TN,36530.0
2015,TN,38441.0
2016,TN,38893.0
2017,TN,40423.0
1999,TX,83099.0
2000,TX,85648.0
2001,TX,90182.0
2002,TX,91465.0
2003,TX,92572.0
2004,TX,93419.0
2005,TX,95527.0
2006,TX,97481.0
2007,TX,102408.0
2008,TX,103731.0
2009,TX,105675.0
2010,TX,104555.0
2011,TX,105781.0
2012,TX,107945.0
2013,TX,110389.0
2014,TX,113334.0
2015,TX,116821.0
2016,TX,119309.0
2017,TX,123742.0
1999,UT,6828.0
2000,UT,6781.0
2001,UT,7250.0
2002,UT,7400.0
2003,UT,7731.0
2004,UT,8025.0
2005,UT,8174.0
2006,UT,8596.0
2007,UT,8802.0
2008,UT,9175.0
2009,UT,9443.0
2010,UT,9836.0
2011,UT,10092.0
2012,UT,10109.0
2013,UT,10166.0
2014,UT,10550.0
2015,UT,10936.0
2016,UT,11077.0
2017,UT,11526.0
1999,VT,3321.0
2000,VT,3232.0
2001,VT,3335.0
2002,VT,3346.0
2003,VT,3485.0
2004,VT,3508.0
2005,VT,3591.0
2006,VT,3874.0
2007,VT,3799.0
2008,VT,3722.0
2009,VT,3905.0
2010,VT,3847.0
2011,VT,3820.0
2012,VT,3799.0
2013,VT,3769.0
2014,VT,3963.0
2015,VT,3864.0
2016,VT,3938.0
2017,VT,4153.0
1999,VA,29765.0
2000,VA,30723.0
2001,VA,30125.0
2002,VA,31888.0
2003,VA,34212.0
2004,VA,34830.0
2005,VA,35990.0
2006,VA,36805.0
2007,VA,38907.0
2008,VA,39119.0
2009,VA,39681.0
2010,VA,38213.0
2011,VA,39398.0
2012,VA,39139.0
2013,VA,40809.0
2014,VA,41492.0
2015,VA,41390.0
2016,VA,42677.0
2017,VA,42861.0
1999,WA,29110.0
2000,WA,29083.0
2001,WA,30399.0
2002,WA,30725.0
2003,WA,30929.0
2004,WA,31884.0
2005,WA,32584.0
2006,WA,33073.0
2007,WA,32676.0
2008,WA,34768.0
2009,WA,35892.0
2010,WA,36083.0
2011,WA,36732.0
2012,WA,36602.0
2013,WA,36923.0
2014,WA,37472.0
2015,WA,37656.0
2016,WA,39490.0
2017,WA,39951.0
1999,WV,10837.0
2000,WV,10902.0
2001,WV,11264.0
2002,WV,11089.0
2003,WV,10850.0
2004,WV,11118.0
2005,WV,11452.0
2006,WV,11629.0
2007,WV,11917.0
2008,WV,11728.0
2009,WV,11797.0
2010,WV,11674.0
2011,WV,12116.0
2012,WV,11944.0
2013,WV,12127.0
2014,WV,12050.0
2015,WV,12368.0
2016,WV,12355.0
2017,WV,12848.0
1999,WI,27629.0
2000,WI,27473.0
2001,WI,28793.0
2002,WI,28171.0
2003,WI,28322.0
2004,WI,28563.0
2005,WI,28926.0
2006,WI,29918.0
2007,WI,30624.0
2008,WI,31243.0
2009,WI,31497.0
2010,WI,31880.0
2011,WI,32960.0
2012,WI,32515.0
2013,WI,33106.0
2014,WI,33901.0
2015,WI,34428.0
2016,WI,35161.0
2017,WI,35664.0
1999,WY,2266.0
2000,WY,2292.0
2001,WY,2273.0
2002,WY,2297.0
2003,WY,2428.0
2004,WY,2433.0
2005,WY,2370.0
2006,WY,2553.0
2007,WY,2523.0
2008,WY,2608.0
2009,WY,2609.0
2010,WY,2722.0
2011,WY,2766.0
2012,WY,2611.0
2013,WY,2618.0
2014,WY,2732.0
2015,WY,2725.0
2016,WY,2854.0
2017,WY,2944.0
