coverage_estimate,year,state
91.6,2023,KS
90.1,2023,KY
92.2,2023,LA
96.8,2023,ME
96.7,2023,MD
96.5,2023,MA
92.9,2023,MI
87.6,2023,MN
98.4,2023,MS
91.3,2023,MO
95.1,2023,NE
92.8,2023,NV
89.4,2023,NH
94.3,2023,NJ
94.9,2023,NM
97.9,2023,NY
97.3,2023,
94.0,2023,NC
92.0,2023,ND
89.3,2023,OH
89.6,2023,OK
91.9,2023,OR
94.0,2023,PA
96.9,2023,RI
93.2,2023,SC
92.5,2023,SD
95.4,2023,TN
94.2,2023,TX
90.0,2023,UT
93.1,2023,VT
95.8,2023,VA
91.4,2023,WA
95.6,2023,WV
86.5,2023,WI
90.8,2023,WY
91.9,2023,AR
96.5,2023,CA
87.0,2023,CO
97.3,2023,CT
95.1,2023,DE
90.6,2023,FL
88.1,2023,GA
86.4,2023,HI
81.3,2023,ID
91.7,2023,IL
92.0,2023,IN
89.9,2023,IA
93.9,2023,AL
83.6,2023,AK
89.9,2023,AZ
94.0,2010,AL
,2010,AK
95.0,2010,AZ
98.3,2010,AR
93.6,2010,CA
,2010,CO
98.5,2010,CT
89.7,2010,DE
,2010,
91.3,2010,FL
99.6,2010,GA
,2010,HI
87.0,2010,ID
94.5,2010,IL
92.8,2010,IN
84.5,2010,IA
90.9,2010,KS
92.2,2010,KY
96.9,2010,LA
95.5,2010,ME
98.9,2010,MD
93.0,2010,MA
95.3,2010,MI
95.1,2010,MN
99.7,2010,MS
97.3,2010,MO
95.5,2010,MT
97.5,2010,NE
94.5,2010,NV
,2010,NH
,2010,NJ
97.6,2010,NM
97.6,2010,NY
,2010,NC
92.2,2010,ND
88.6,2010,OH
97.3,2010,OK
94.4,2010,OR
86.9,2010,PA
92.1,2010,RI
87.2,2010,SC
96.8,2010,SD
97.4,2010,TN
98.1,2010,TX
97.7,2010,UT
91.8,2010,VT
92.1,2010,VA
91.7,2010,WA
91.2,2010,WV
94.2,2010,WI
,2010,WY
,2011,AL
,2011,AK
,2011,AZ
,2011,AR
,2011,CA
,2011,CO
,2011,CT
,2011,DE
,2011,
,2011,FL
,2011,GA
,2011,HI
,2011,ID
,2011,IL
,2011,IN
,2011,IA
,2011,KS
,2011,KY
,2011,LA
,2011,ME
,2011,MD
,2011,MA
,2011,MI
,2011,MN
,2011,MS
,2011,MO
,2011,MT
,2011,NE
,2011,NV
,2011,NH
,2011,NJ
,2011,NM
,2011,NY
,2011,NC
,2011,ND
,2011,OH
,2011,OK
,2011,OR
,2011,PA
,2011,RI
,2011,SC
,2011,SD
,2011,TN
,2011,TX
,2011,UT
,2011,VT
,2011,VA
,2011,WA
,2011,WV
,2011,WI
,2011,WY
93.6,2012,AL
,2012,AK
94.7,2012,AZ
94.9,2012,AR
93.2,2012,CA
86.8,2012,CO
97.4,2012,CT
96.9,2012,DE
,2012,
92.6,2012,FL
96.6,2012,GA
,2012,HI
89.2,2012,ID
97.3,2012,IL
93.3,2012,IN
91.1,2012,IA
88.2,2012,KS
92.0,2012,KY
98.1,2012,LA
93.0,2012,ME
98.7,2012,MD
94.2,2012,MA
95.0,2012,MI
95.7,2012,MN
99.2,2012,MS
96.8,2012,MO
95.0,2012,MT
99.0,2012,NE
95.3,2012,NV
,2012,NH
,2012,NJ
95.7,2012,NM
96.9,2012,NY
,2012,NC
90.6,2012,ND
96.1,2012,OH
95.0,2012,OK
94.0,2012,OR
86.9,2012,PA
91.7,2012,RI
94.5,2012,SC
97.4,2012,SD
97.3,2012,TN
99.3,2012,TX
98.0,2012,UT
92.9,2012,VT
93.0,2012,VA
91.8,2012,WA
92.0,2012,WV
93.1,2012,WI
,2012,WY
92.8,2013,AL
,2013,AK
94.5,2013,AZ
85.9,2013,AR
92.7,2013,CA
85.7,2013,CO
97.1,2013,CT
95.7,2013,DE
,2013,
92.1,2013,FL
95.1,2013,GA
,2013,HI
88.4,2013,ID
95.5,2013,IL
95.4,2013,IN
90.5,2013,IA
90.0,2013,KS
92.4,2013,KY
96.6,2013,LA
91.3,2013,ME
98.2,2013,MD
94.8,2013,MA
94.4,2013,MI
96.3,2013,MN
99.9,2013,MS
96.7,2013,MO
94.8,2013,MT
96.0,2013,NE
93.6,2013,NV
,2013,NH
97.0,2013,NJ
93.9,2013,NM
96.6,2013,NY
,2013,NC
89.9,2013,ND
96.3,2013,OH
90.5,2013,OK
93.5,2013,OR
87.0,2013,PA
94.2,2013,RI
90.9,2013,SC
97.9,2013,SD
94.5,2013,TN
97.5,2013,TX
96.3,2013,UT
92.8,2013,VT
93.1,2013,VA
91.7,2013,WA
96.3,2013,WV
92.8,2013,WI
97.5,2013,WY
92.0,2014,AL
94.4,2014,AK
93.9,2014,AZ
86.5,2014,AR
92.3,2014,CA
81.7,2014,CO
96.9,2014,CT
96.4,2014,DE
,2014,
93.2,2014,FL
94.0,2014,GA
,2014,HI
88.2,2014,ID
94.7,2014,IL
92.9,2014,IN
91.0,2014,IA
86.9,2014,KS
92.6,2014,KY
96.8,2014,LA
89.9,2014,ME
97.6,2014,MD
95.1,2014,MA
97.5,2014,MI
93.4,2014,MN
99.7,2014,MS
95.5,2014,MO
93.7,2014,MT
96.6,2014,NE
95.6,2014,NV
94.7,2014,NH
96.8,2014,NJ
95.9,2014,NM
96.8,2014,NY
,2014,NC
90.0,2014,ND
96.2,2014,OH
96.4,2014,OK
93.2,2014,OR
85.3,2014,PA
95.1,2014,RI
96.8,2014,SC
96.6,2014,SD
94.9,2014,TN
97.5,2014,TX
98.5,2014,UT
91.2,2014,VT
93.1,2014,VA
89.7,2014,WA
96.1,2014,WV
92.6,2014,WI
,2014,WY
93.5,2015,AL
92.7,2015,AK
94.2,2015,AZ
88.4,2015,AR
92.6,2015,CA
86.9,2015,CO
97.0,2015,CT
97.8,2015,DE
89.9,2015,
93.3,2015,FL
94.0,2015,GA
,2015,HI
89.5,2015,ID
94.7,2015,IL
89.3,2015,IN
91.9,2015,IA
89.2,2015,KS
92.7,2015,KY
96.8,2015,LA
92.1,2015,ME
99.1,2015,MD
94.7,2015,MA
94.3,2015,MI
93.5,2015,MN
99.2,2015,MS
95.8,2015,MO
94.6,2015,MT
96.0,2015,NE
94.0,2015,NV
91.4,2015,NH
92.3,2015,NJ
97.7,2015,NM
98.2,2015,NY
96.5,2015,NC
89.8,2015,ND
91.9,2015,OH
90.3,2015,OK
94.1,2015,OR
91.7,2015,PA
95.7,2015,RI
96.5,2015,SC
97.1,2015,SD
95.1,2015,TN
97.4,2015,TX
94.0,2015,UT
92.7,2015,VT
93.4,2015,VA
89.4,2015,WA
97.6,2015,WV
91.6,2015,WI
96.8,2015,WY
93.1,2016,AL
93.5,2016,AK
94.2,2016,AZ
90.8,2016,AR
94.5,2016,CA
87.1,2016,CO
97.0,2016,CT
97.6,2016,DE
88.5,2016,
93.7,2016,FL
94.6,2016,GA
91.6,2016,HI
90.2,2016,ID
94.9,2016,IL
89.2,2016,IN
91.8,2016,IA
89.4,2016,KS
92.2,2016,KY
96.8,2016,LA
95.1,2016,ME
99.4,2016,MD
96.4,2016,MA
95.7,2016,MI
92.8,2016,MN
99.4,2016,MS
95.7,2016,MO
94.9,2016,MT
95.6,2016,NE
94.7,2016,NV
91.9,2016,NH
96.3,2016,NJ
96.2,2016,NM
95.6,2016,NY
97.3,2016,NC
90.7,2016,ND
92.1,2016,OH
94.4,2016,OK
93.9,2016,OR
95.5,2016,PA
96.4,2016,RI
96.5,2016,SC
96.5,2016,SD
93.5,2016,TN
97.6,2016,TX
94.2,2016,UT
93.6,2016,VT
95.7,2016,VA
91.0,2016,WA
95.2,2016,WV
93.2,2016,WI
96.9,2016,WY
93.8,2017,AL
89.0,2017,AK
94.0,2017,AZ
91.9,2017,AR
97.3,2017,CA
87.3,2017,CO
96.7,2017,CT
98.5,2017,DE
94.1,2017,FL
93.3,2017,GA
93.5,2017,HI
89.9,2017,ID
94.9,2017,IL
88.9,2017,IN
92.6,2017,IA
89.5,2017,KS
90.8,2017,KY
97.1,2017,LA
94.9,2017,ME
97.9,2017,MD
96.1,2017,MA
95.6,2017,MI
92.8,2017,MN
99.4,2017,MS
95.4,2017,MO
93.8,2017,MT
96.7,2017,NE
90.9,2017,NV
91.5,2017,NH
96.5,2017,NJ
95.5,2017,NM
97.3,2017,NY
96.2,2017,NC
93.8,2017,ND
92.6,2017,OH
,2017,OK
93.8,2017,OR
93.6,2017,PA
95.1,2017,RI
96.0,2017,SC
96.7,2017,SD
96.9,2017,TN
97.3,2017,TX
93.8,2017,UT
93.6,2017,VT
94.1,2017,VA
90.5,2017,WA
95.9,2017,WV
94.0,2017,WI
,2017,WY
92.7,2018,AL
91.6,2018,AK
93.4,2018,AZ
91.9,2018,AR
96.9,2018,CA
88.7,2018,CO
96.5,2018,CT
96.7,2018,DE
93.7,2018,FL
93.4,2018,GA
95.6,2018,HI
89.5,2018,ID
95.2,2018,IL
90.4,2018,IN
93.0,2018,IA
89.1,2018,KS
92.6,2018,KY
96.1,2018,LA
94.3,2018,ME
97.4,2018,MD
96.3,2018,MA
95.0,2018,MI
92.5,2018,MN
99.4,2018,MS
95.2,2018,MO
93.2,2018,MT
96.2,2018,NE
93.0,2018,NV
92.4,2018,NH
96.1,2018,NJ
94.8,2018,NM
97.2,2018,NY
97.0,2018,NC
94.2,2018,ND
92.1,2018,OH
92.6,2018,OK
93.2,2018,OR
96.7,2018,PA
96.4,2018,RI
96.3,2018,SC
96.6,2018,SD
96.9,2018,TN
96.9,2018,TX
93.4,2018,UT
94.1,2018,VT
95.5,2018,VA
90.6,2018,WA
98.4,2018,WV
91.8,2018,WI
,2018,WY
90.6,2019,AL
92.9,2019,AZ
94.2,2019,AR
96.5,2019,CA
87.4,2019,CO
95.9,2019,CT
97.8,2019,DE
93.8,2019,FL
93.6,2019,GA
91.5,2019,HI
89.5,2019,ID
94.7,2019,IL
91.2,2019,IN
93.3,2019,IA
90.8,2019,KS
93.4,2019,KY
95.5,2019,LA
93.8,2019,ME
97.4,2019,MD
96.9,2019,MA
94.6,2019,MI
92.6,2019,MN
99.2,2019,MS
94.8,2019,MO
93.3,2019,MT
96.9,2019,NE
95.1,2019,NV
91.8,2019,NH
95.0,2019,NJ
96.1,2019,NM
97.2,2019,NY
93.2,2019,NC
93.6,2019,ND
91.6,2019,OH
92.2,2019,OK
93.0,2019,OR
96.4,2019,PA
97.4,2019,RI
94.2,2019,SC
96.2,2019,SD
96.5,2019,TN
96.9,2019,TX
92.8,2019,UT
93.0,2019,VT
95.0,2019,VA
90.8,2019,WA
98.8,2019,WV
92.6,2019,WI
95.1,2019,WY
86.6,2020,AL
NR,2020,AK
92.8,2020,AZ
94.3,2020,AR
96.5,2020,CA
91.1,2020,CO
96.2,2020,CT
,2020,DE
,2020,
93.5,2020,FL
93.1,2020,GA
89.7,2020,HI
89.1,2020,ID
96.6,2020,IL
94.4,2020,IN
93.2,2020,IA
90.0,2020,KS
93.1,2020,KY
95.6,2020,LA
94.1,2020,ME
97.9,2020,MD
97.3,2020,MA
94.8,2020,MI
92.6,2020,MN
99.1,2020,MS
94.6,2020,MO
93.6,2020,MT
96.3,2020,NE
95.4,2020,NV
91.5,2020,NH
95.9,2020,NJ
97.0,2020,NM
98.6,2020,NY
95.5,2020,NC
94.8,2020,ND
92.4,2020,OH
93.0,2020,OK
93.4,2020,OR
96.6,2020,PA
97.7,2020,RI
95.0,2020,SC
96.0,2020,SD
96.8,2020,TN
96.9,2020,TX
92.7,2020,UT
94.5,2020,VT
94.6,2020,VA
94.4,2020,WA
98.2,2020,WV
92.8,2020,WI
94.5,2020,WY
94.7,2021,AL
91.9,2021,AZ
93.2,2021,AR
95.1,2021,CA
90.5,2021,CO
95.3,2021,CT
95.7,2021,DE
78.9,2021,
93.3,2021,FL
88.5,2021,GA
90.7,2021,HI
86.5,2021,ID
NR,2021,IL
93.1,2021,IN
93.4,2021,IA
92.6,2021,KS
88.9,2021,KY
96.2,2021,LA
94.3,2021,ME
87.6,2021,MD
95.9,2021,MA
94.6,2021,MI
89.8,2021,MN
98.9,2021,MS
92.6,2021,MO
92.9,2021,MT
95.5,2021,NE
96.1,2021,NV
90.8,2021,NH
94.3,2021,NJ
95.7,2021,NM
98.3,2021,NY
95.2,2021,NC
93.3,2021,ND
89.6,2021,OH
90.5,2021,OK
92.7,2021,OR
95.5,2021,PA
97.0,2021,RI
94.4,2021,SC
94.6,2021,SD
96.6,2021,TN
95.3,2021,TX
91.4,2021,UT
94.0,2021,VT
95.8,2021,VA
94.4,2021,WA
NR,2021,WV
87.2,2021,WI
90.2,2021,WY
94.9,2022,AL
78.0,2022,AK
90.6,2022,AZ
92.5,2022,AR
96.3,2022,CA
88.4,2022,CO
95.7,2022,CT
96.4,2022,DE
82.0,2022,
91.7,2022,FL
83.2,2022,GA
94.3,2022,HI
83.9,2022,ID
92.1,2022,IL
92.1,2022,IN
90.6,2022,IA
91.0,2022,KS
86.5,2022,KY
93.7,2022,LA
96.7,2022,ME
93.9,2022,MD
96.2,2022,MA
93.6,2022,MI
89.0,2022,MN
98.6,2022,MS
91.6,2022,MO
96.2,2022,NE
92.7,2022,NV
88.7,2022,NH
94.1,2022,NJ
94.3,2022,NM
98.0,2022,NY
96.1,2022,NC
91.5,2022,ND
88.3,2022,OH
90.9,2022,OK
93.0,2022,OR
95.0,2022,PA
97.3,2022,RI
92.7,2022,SC
93.7,2022,SD
95.8,2022,TN
94.0,2022,TX
90.0,2022,UT
93.4,2022,VT
95.5,2022,VA
92.5,2022,WA
96.5,2022,WV
82.6,2022,WI
92.9,2022,WY
93.8,2024,AL
84.3,2024,AK
89.3,2024,AZ
92.5,2024,AR
96.2,2024,CA
88.3,2024,CO
97.7,2024,CT
93.8,2024,DE
92.0,2024,
88.1,2024,FL
88.4,2024,GA
89.8,2024,HI
79.6,2024,ID
91.6,2024,IL
90.8,2024,IN
89.1,2024,IA
90.4,2024,KS
90.0,2024,KY
92.4,2024,LA
97.5,2024,ME
96.6,2024,MD
96.3,2024,MA
92.1,2024,MI
87.0,2024,MN
97.5,2024,MS
90.4,2024,MO
93.9,2024,NE
91.9,2024,NV
89.2,2024,NH
93.2,2024,NJ
95.0,2024,NM
97.7,2024,NY
93.8,2024,NC
90.9,2024,ND
89.2,2024,OH
88.3,2024,OK
91.2,2024,OR
93.5,2024,PA
97.1,2024,RI
92.1,2024,SC
90.8,2024,SD
95.1,2024,TN
94.3,2024,TX
88.8,2024,UT
92.9,2024,VT
94.2,2024,VA
91.3,2024,WA
98.3,2024,WV
84.8,2024,WI
93.5,2024,WY
95.6,2025,VA
90.9,2025,WA
84.8,2025,WI
93.6,2025,WY
95.2,2025,AL
81.2,2025,AK
88.6,2025,AZ
89.6,2025,AR
96.1,2025,CA
88.0,2025,CO
98.2,2025,CT
94.1,2025,DE
92.7,2025,
88.8,2025,FL
86.8,2025,GA
90.1,2025,HI
78.5,2025,ID
91.8,2025,IL
90.8,2025,IN
88.8,2025,IA
91.0,2025,KS
86.9,2025,KY
92.6,2025,LA
97.6,2025,ME
96.4,2025,MD
96.6,2025,MA
91.6,2025,MI
86.5,2025,MN
97.6,2025,MS
90.0,2025,MO
94.2,2025,NE
91.3,2025,NV
89.2,2025,NH
92.8,2025,NJ
94.8,2025,NM
97.8,2025,NY
94.2,2025,NC
90.0,2025,ND
88.3,2025,OH
88.7,2025,OK
90.5,2025,OR
92.4,2025,PA
96.7,2025,RI
91.2,2025,SC
90.0,2025,SD
94.4,2025,TN
93.2,2025,TX
88.6,2025,UT
93.5,2025,VT
89.3,2026,HI
75.2,2026,ID
92.8,2026,IL
88.1,2026,OH
87.8,2026,OK
89.6,2026,OR
92.7,2026,PA
87.2,2026,UT
93.8,2026,VT
93.6,2026,VA
90.6,2026,WA
98.9,2026,WV
85.1,2026,WI
92.6,2026,WY
90.1,2026,IN
88.9,2026,IA
,2026,KS
91.1,2026,KY
90.3,2026,LA
98.0,2026,ME
96.6,2026,MD
96.5,2026,MA
90.9,2026,MI
85.7,2026,MN
97.0,2026,MS
89.5,2026,MO
92.8,2026,NE
90.8,2026,NV
88.2,2026,NH
92.5,2026,NJ
95.1,2026,NM
97.7,2026,NY
97.1,2026,
93.7,2026,NC
88.5,2026,ND
96.7,2026,RI
93.4,2026,SC
89.3,2026,SD
94.4,2026,TN
93.2,2026,TX
94.3,2026,AL
89.9,2026,AK
87.4,2026,AZ
91.5,2026,AR
95.7,2026,CA
87.7,2026,CO
98.6,2026,CT
93.5,2026,DE
88.9,2026,FL
89.1,2026,GA
