year,state,measles_cases,mumps_cases
2003,AK,,1.0
2003,AL,,4.0
2003,AR,,1.0
2003,AZ,1.0,1.0
2003,CA,5.0,58.0
2003,CO,,1.0
2003,CT,,1.0
2003,DC,,
2003,DE,,2.0
2003,FL,,7.0
2003,GA,1.0,3.0
2003,HI,19.0,13.0
2003,IA,,2.0
2003,ID,,1.0
2003,IL,1.0,8.0
2003,IN,,3.0
2003,KS,,3.0
2003,KY,,
2003,LA,,1.0
2003,MA,,1.0
2003,MD,1.0,5.0
2003,ME,,
2003,MI,2.0,8.0
2003,MN,,1.0
2003,MO,,5.0
2003,MS,,1.0
2003,MT,,
2003,NC,1.0,2.0
2003,ND,,
2003,NE,,
2003,NH,1.0,2.0
2003,NJ,2.0,6.0
2003,NM,,1.0
2003,NV,,5.0
2003,NY,7.0,15.0
2003,OH,2.0,7.0
2003,OK,,2.0
2003,OR,3.0,
2003,PA,9.0,9.0
2003,RI,,
2003,SC,,5.0
2003,SD,,
2003,TN,,5.0
2003,TX,,18.0
2003,UT,,5.0
2003,VA,,1.0
2003,VT,,
2003,WA,,11.0
2003,WI,1.0,2.0
2003,WV,,3.0
2003,WY,,1.0
2004,AK,,2.0
2004,AL,,4.0
2004,AR,,
2004,AZ,,7.0
2004,CA,6.0,55.0
2004,CO,1.0,3.0
2004,CT,,
2004,DC,,
2004,DE,,
2004,FL,1.0,9.0
2004,GA,1.0,2.0
2004,HI,3.0,9.0
2004,IA,3.0,2.0
2004,ID,,3.0
2004,IL,1.0,10.0
2004,IN,,2.0
2004,KS,,10.0
2004,KY,,
2004,LA,,9.0
2004,MA,2.0,4.0
2004,MD,1.0,4.0
2004,ME,,
2004,MI,,2.0
2004,MN,,4.0
2004,MO,2.0,3.0
2004,MS,,
2004,MT,,
2004,NC,2.0,5.0
2004,ND,,1.0
2004,NE,,
2004,NH,,1.0
2004,NJ,2.0,8.0
2004,NM,,
2004,NV,,1.0
2004,NY,5.0,26.0
2004,OH,,11.0
2004,OK,,1.0
2004,OR,,
2004,PA,,13.0
2004,RI,,
2004,SC,,
2004,SD,,
2004,TN,,4.0
2004,TX,,23.0
2004,UT,,2.0
2004,VA,,11.0
2004,VT,,1.0
2004,WA,7.0,2.0
2004,WI,,1.0
2004,WV,,2.0
2004,WY,,1.0
2005,AK,,1.0
2005,AL,,6.0
2005,AR,,2.0
2005,AZ,1.0,1.0
2005,CA,4.0,47.0
2005,CO,,6.0
2005,CT,,1.0
2005,DC,,
2005,DE,1.0,
2005,FL,,8.0
2005,GA,,2.0
2005,HI,1.0,18.0
2005,IA,,6.0
2005,ID,,
2005,IL,2.0,10.0
2005,IN,33.0,1.0
2005,KS,,
2005,KY,,
2005,LA,,8.0
2005,MA,,7.0
2005,MD,,10.0
2005,ME,,2.0
2005,MI,1.0,24.0
2005,MN,,6.0
2005,MO,,4.0
2005,MS,,1.0
2005,MT,,1.0
2005,NC,,13.0
2005,ND,,3.0
2005,NE,,
2005,NH,1.0,1.0
2005,NJ,2.0,9.0
2005,NM,,
2005,NV,,3.0
2005,NY,7.0,47.0
2005,OH,3.0,8.0
2005,OK,,2.0
2005,OR,2.0,
2005,PA,,8.0
2005,RI,,
2005,SC,,1.0
2005,SD,,
2005,TN,1.0,3.0
2005,TX,3.0,25.0
2005,UT,,7.0
2005,VA,,2.0
2005,VT,,
2005,WA,2.0,3.0
2005,WI,2.0,5.0
2005,WV,,
2005,WY,,2.0
2006,AK,,3.0
2006,AL,,47.0
2006,AR,,8.0
2006,AZ,,40.0
2006,CA,6.0,31.0
2006,CO,1.0,51.0
2006,CT,,
2006,DC,,1.0
2006,DE,,
2006,FL,4.0,15.0
2006,GA,,6.0
2006,HI,,6.0
2006,IA,,
2006,ID,,7.0
2006,IL,,798.0
2006,IN,1.0,10.0
2006,KS,1.0,968.0
2006,KY,,1.0
2006,LA,,3.0
2006,MA,19.0,12.0
2006,MD,2.0,48.0
2006,ME,,
2006,MI,1.0,84.0
2006,MN,1.0,180.0
2006,MO,1.0,170.0
2006,MS,,2.0
2006,MT,,
2006,NC,,43.0
2006,ND,,14.0
2006,NE,,368.0
2006,NH,1.0,5.0
2006,NJ,1.0,12.0
2006,NM,,3.0
2006,NV,,5.0
2006,NY,10.0,70.0
2006,OH,,45.0
2006,OK,,10.0
2006,OR,2.0,19.0
2006,PA,2.0,117.0
2006,RI,,4.0
2006,SC,,10.0
2006,SD,,296.0
2006,TN,,11.0
2006,TX,,58.0
2006,UT,,5.0
2006,VA,,117.0
2006,VT,,
2006,WA,2.0,42.0
2006,WI,,842.0
2006,WV,,24.0
2006,WY,,9.0
2007,AK,,2.0
2007,AL,,14.0
2007,AR,,4.0
2007,AZ,,10.0
2007,CA,4.0,42.0
2007,CO,,17.0
2007,CT,,2.0
2007,DC,,1.0
2007,DE,,1.0
2007,FL,5.0,21.0
2007,GA,,
2007,HI,2.0,2.0
2007,IA,,27.0
2007,ID,,7.0
2007,IL,1.0,170.0
2007,IN,,3.0
2007,KS,,28.0
2007,KY,,
2007,LA,,1.0
2007,MA,1.0,14.0
2007,MD,,19.0
2007,ME,,24.0
2007,MI,3.0,28.0
2007,MN,1.0,28.0
2007,MO,,12.0
2007,MS,,2.0
2007,MT,,1.0
2007,NC,3.0,28.0
2007,ND,,3.0
2007,NE,,8.0
2007,NH,,2.0
2007,NJ,1.0,2.0
2007,NM,1.0,
2007,NV,,12.0
2007,NY,7.0,43.0
2007,OH,,20.0
2007,OK,,8.0
2007,OR,1.0,1.0
2007,PA,3.0,23.0
2007,RI,,1.0
2007,SC,,2.0
2007,SD,,6.0
2007,TN,,4.0
2007,TX,7.0,21.0
2007,UT,,1.0
2007,VA,,27.0
2007,VT,,
2007,WA,3.0,53.0
2007,WI,,51.0
2007,WV,,3.0
2007,WY,,1.0
2008,AK,,5.0
2008,AL,,5.0
2008,AR,2.0,5.0
2008,AZ,14.0,5.0
2008,CA,17.0,31.0
2008,CO,,8.0
2008,CT,,
2008,DC,1.0,2.0
2008,DE,,1.0
2008,FL,1.0,16.0
2008,GA,1.0,3.0
2008,HI,4.0,4.0
2008,IA,,24.0
2008,ID,,2.0
2008,IL,32.0,91.0
2008,IN,,2.0
2008,KS,,2.0
2008,KY,,
2008,LA,1.0,1.0
2008,MA,2.0,7.0
2008,MD,,11.0
2008,ME,,5.0
2008,MI,4.0,22.0
2008,MN,,9.0
2008,MO,1.0,8.0
2008,MS,,
2008,MT,,1.0
2008,NC,,6.0
2008,ND,,2.0
2008,NE,,4.0
2008,NH,,5.0
2008,NJ,1.0,13.0
2008,NM,1.0,
2008,NV,,6.0
2008,NY,30.0,37.0
2008,OH,,23.0
2008,OK,,1.0
2008,OR,1.0,1.0
2008,PA,1.0,21.0
2008,RI,,
2008,SC,,
2008,SD,,1.0
2008,TN,,2.0
2008,TX,,20.0
2008,UT,,4.0
2008,VA,1.0,9.0
2008,VT,,1.0
2008,WA,19.0,14.0
2008,WI,6.0,13.0
2008,WV,,1.0
2008,WY,,
2009,AK,,6.0
2009,AL,,6.0
2009,AR,,4.0
2009,AZ,,10.0
2009,CA,9.0,16.0
2009,CO,,6.0
2009,CT,,1.0
2009,DC,2.0,2.0
2009,DE,,1.0
2009,FL,5.0,18.0
2009,GA,1.0,
2009,HI,,5.0
2009,IA,1.0,15.0
2009,ID,,3.0
2009,IL,,47.0
2009,IN,,2.0
2009,KS,,7.0
2009,KY,,1.0
2009,LA,,1.0
2009,MA,2.0,15.0
2009,MD,4.0,8.0
2009,ME,,6.0
2009,MI,,11.0
2009,MN,1.0,7.0
2009,MO,6.0,15.0
2009,MS,,1.0
2009,MT,,
2009,NC,,4.0
2009,ND,,
2009,NE,,7.0
2009,NH,,
2009,NJ,2.0,200.0
2009,NM,,1.0
2009,NV,,3.0
2009,NY,18.0,1453.0
2009,OH,1.0,6.0
2009,OK,,3.0
2009,OR,,2.0
2009,PA,14.0,15.0
2009,RI,,3.0
2009,SC,,2.0
2009,SD,,2.0
2009,TN,1.0,5.0
2009,TX,1.0,40.0
2009,UT,,4.0
2009,VA,1.0,9.0
2009,VT,,2.0
2009,WA,1.0,6.0
2009,WI,,9.0
2009,WV,1.0,1.0
2009,WY,,
2010,AK,,1.0
2010,AL,,6.0
2010,AR,,5.0
2010,AZ,1.0,5.0
2010,CA,27.0,29.0
2010,CO,,8.0
2010,CT,1.0,11.0
2010,DC,,3.0
2010,DE,,
2010,FL,1.0,10.0
2010,GA,1.0,5.0
2010,HI,4.0,5.0
2010,IA,,38.0
2010,ID,,1.0
2010,IL,,31.0
2010,IN,,4.0
2010,KS,,5.0
2010,KY,1.0,1.0
2010,LA,,8.0
2010,MA,3.0,9.0
2010,MD,,12.0
2010,ME,,2.0
2010,MI,,20.0
2010,MN,3.0,8.0
2010,MO,3.0,10.0
2010,MS,,
2010,MT,,
2010,NC,,10.0
2010,ND,,
2010,NE,,23.0
2010,NH,,3.0
2010,NJ,,354.0
2010,NM,,2.0
2010,NV,1.0,1.0
2010,NY,8.0,663.0
2010,OH,2.0,24.0
2010,OK,,1.0
2010,OR,,3.0
2010,PA,2.0,69.0
2010,RI,,
2010,SC,,4.0
2010,SD,,2.0
2010,TN,,3.0
2010,TX,,121.0
2010,UT,,3.0
2010,VA,3.0,13.0
2010,VT,,
2010,WA,1.0,7.0
2010,WI,,5.0
2010,WV,,2.0
2010,WY,1.0,1.0
2011,AK,,
2011,AL,,
2011,AR,,
2011,AZ,2.0,
2011,CA,31.0,
2011,CO,,
2011,CT,1.0,
2011,DC,,
2011,DE,1.0,
2011,FL,8.0,
2011,GA,,
2011,HI,,
2011,IA,1.0,
2011,ID,,
2011,IL,3.0,
2011,IN,14.0,
2011,KS,6.0,
2011,KY,1.0,
2011,LA,,
2011,MA,24.0,
2011,MD,2.0,
2011,ME,,
2011,MI,2.0,
2011,MN,26.0,
2011,MO,,
2011,MS,,
2011,MT,,
2011,NC,2.0,
2011,ND,1.0,
2011,NE,,
2011,NH,1.0,
2011,NJ,4.0,
2011,NM,4.0,
2011,NV,1.0,
2011,NY,32.0,
2011,OH,,
2011,OK,,
2011,OR,3.0,
2011,PA,13.0,
2011,RI,1.0,
2011,SC,,
2011,SD,,
2011,TN,3.0,
2011,TX,6.0,
2011,UT,13.0,
2011,VA,7.0,
2011,VT,1.0,
2011,WA,4.0,
2011,WI,2.0,
2011,WV,,
2011,WY,,
2012,AK,,
2012,AL,,
2012,AR,4.0,
2012,AZ,2.0,
2012,CA,8.0,
2012,CO,,
2012,CT,1.0,
2012,DC,1.0,
2012,DE,1.0,
2012,FL,,
2012,GA,2.0,
2012,HI,,
2012,IA,,
2012,ID,,
2012,IL,,
2012,IN,15.0,
2012,KS,6.0,
2012,KY,,
2012,LA,,
2012,MA,,
2012,MD,,
2012,ME,,
2012,MI,1.0,
2012,MN,,
2012,MO,,
2012,MS,,
2012,MT,,
2012,NC,,
2012,ND,,
2012,NE,,
2012,NH,,
2012,NJ,2.0,
2012,NM,2.0,
2012,NV,,
2012,NY,5.0,
2012,OH,1.0,
2012,OK,,
2012,OR,1.0,
2012,PA,2.0,
2012,RI,,
2012,SC,,
2012,SD,,
2012,TN,,
2012,TX,,
2012,UT,1.0,
2012,VA,,
2012,VT,,
2012,WA,,
2012,WI,,
2012,WV,,
2012,WY,,
2013,AK,,
2013,AL,,
2013,AR,,
2013,AZ,1.0,
2013,CA,17.0,
2013,CO,2.0,
2013,CT,,
2013,DC,,
2013,DE,,
2013,FL,7.0,
2013,GA,,
2013,HI,,
2013,IA,,
2013,ID,,
2013,IL,5.0,
2013,IN,2.0,
2013,KS,,
2013,KY,,
2013,LA,,
2013,MA,,
2013,MD,1.0,
2013,ME,,
2013,MI,5.0,
2013,MN,2.0,
2013,MO,3.0,
2013,MS,,
2013,MT,,
2013,NC,,
2013,ND,,
2013,NE,,
2013,NH,,
2013,NJ,15.0,
2013,NM,,
2013,NV,,
2013,NY,,
2013,OH,,
2013,OK,,
2013,OR,6.0,
2013,PA,,
2013,RI,1.0,
2013,SC,,
2013,SD,,
2013,TN,,
2013,TX,27.0,
2013,UT,,
2013,VA,,
2013,VT,,
2013,WA,4.0,
2013,WI,,
2013,WV,,
2013,WY,,
2014,AK,,
2014,AL,1.0,
2014,AR,,
2014,AZ,3.0,
2014,CA,92.0,
2014,CO,1.0,
2014,CT,5.0,
2014,DC,,
2014,DE,,
2014,FL,,
2014,GA,,
2014,HI,15.0,
2014,IA,,
2014,ID,,
2014,IL,2.0,
2014,IN,1.0,
2014,KS,14.0,
2014,KY,,
2014,LA,,
2014,MA,8.0,
2014,MD,,
2014,ME,,
2014,MI,5.0,
2014,MN,2.0,
2014,MO,27.0,
2014,MS,,
2014,MT,,
2014,NC,1.0,
2014,ND,,
2014,NE,1.0,
2014,NH,,
2014,NJ,3.0,
2014,NM,1.0,
2014,NV,,
2014,NY,27.0,
2014,OH,382.0,
2014,OK,,
2014,OR,6.0,
2014,PA,3.0,
2014,RI,,
2014,SC,,
2014,SD,8.0,
2014,TN,4.0,
2014,TX,10.0,
2014,UT,3.0,
2014,VA,2.0,
2014,VT,,
2014,WA,33.0,
2014,WI,2.0,
2014,WV,,
2014,WY,,
2015,AK,,
2015,AL,,
2015,AR,,
2015,AZ,7.0,
2015,CA,109.0,
2015,CO,1.0,
2015,CT,,
2015,DC,3.0,
2015,DE,1.0,
2015,FL,5.0,
2015,GA,1.0,
2015,HI,,
2015,IA,,
2015,ID,,
2015,IL,17.0,
2015,IN,,
2015,KS,,
2015,KY,,
2015,LA,,
2015,MA,,
2015,MD,,
2015,ME,,
2015,MI,1.0,
2015,MN,2.0,
2015,MO,1.0,
2015,MS,,
2015,MT,,
2015,NC,,
2015,ND,,
2015,NE,3.0,
2015,NH,,
2015,NJ,3.0,
2015,NM,,
2015,NV,9.0,
2015,NY,6.0,
2015,OH,1.0,
2015,OK,1.0,
2015,OR,,
2015,PA,1.0,
2015,RI,,
2015,SC,,
2015,SD,2.0,
2015,TN,,
2015,TX,1.0,
2015,UT,1.0,
2015,VA,1.0,
2015,VT,,
2015,WA,10.0,
2015,WI,,
2015,WV,,
2015,WY,,
