state,year,n,n_vaccinated,coverage_pct
AK,1995,194.0,177.0,89.86
AK,1996,260.0,225.0,84.55
AK,1997,291.0,257.0,87.41
AK,1998,34.0,30.0,87.06
AK,1999,349.0,321.0,90.67
AK,2000,292.0,259.0,88.81
AK,2001,289.0,257.0,88.17
AK,2002,262.0,234.0,89.14
AK,2003,278.0,252.0,90.75
AK,2004,299.0,273.0,89.73
AK,2005,186.0,170.0,91.34
AK,2006,240.0,213.0,86.74
AK,2007,222.0,196.0,89.73
AK,2008,250.0,221.0,88.65
AK,2009,192.0,164.0,85.19
AK,2010,269.0,232.0,88.56
AK,2011,248.0,219.0,88.84
AK,2012,298.0,259.0,86.67
AK,2013,299.0,264.0,90.63
AK,2014,276.0,248.0,90.15
AK,2015,295.0,262.0,89.7
AK,2016,288.0,253.0,85.83
AK,2017,251.0,221.0,89.56
AK,2018,228.0,191.0,85.11
AK,2019,240.0,204.0,85.79
AK,2020,278.0,252.0,90.79
AK,2021,285.0,257.0,88.6
AK,2022,285.0,254.0,86.42
AK,2023,322.0,287.0,84.81
AK,2024,214.0,192.0,85.43
AL,1995,419.0,386.0,88.77
AL,1996,573.0,532.0,90.63
AL,1997,588.0,552.0,93.8
AL,1998,69.0,62.0,90.55
AL,1999,566.0,523.0,90.05
AL,2000,578.0,515.0,88.14
AL,2001,591.0,558.0,94.31
AL,2002,525.0,483.0,91.59
AL,2003,532.0,497.0,91.23
AL,2004,515.0,485.0,91.99
AL,2005,419.0,398.0,95.48
AL,2006,269.0,261.0,95.2
AL,2007,254.0,242.0,95.2
AL,2008,339.0,323.0,94.17
AL,2009,249.0,238.0,96.04
AL,2010,336.0,321.0,96.21
AL,2011,362.0,340.0,94.35
AL,2012,265.0,247.0,94.32
AL,2013,166.0,152.0,90.64
AL,2014,237.0,224.0,91.97
AL,2015,272.0,260.0,95.46
AL,2016,249.0,235.0,92.73
AL,2017,295.0,273.0,92.53
AL,2018,303.0,282.0,95.94
AL,2019,278.0,258.0,93.77
AL,2020,215.0,199.0,94.35
AL,2021,254.0,245.0,96.27
AL,2022,229.0,217.0,94.91
AL,2023,253.0,232.0,88.58
AL,2024,287.0,263.0,90.6
AR,1995,237.0,218.0,90.43
AR,1996,264.0,232.0,85.55
AR,1997,333.0,309.0,92.88
AR,1998,53.0,46.0,85.0
AR,1999,290.0,262.0,86.91
AR,2000,297.0,263.0,88.44
AR,2001,391.0,355.0,90.38
AR,2002,286.0,262.0,92.79
AR,2003,253.0,231.0,90.61
AR,2004,270.0,256.0,94.59
AR,2005,174.0,162.0,90.95
AR,2006,207.0,190.0,88.94
AR,2007,347.0,317.0,92.68
AR,2008,347.0,327.0,93.07
AR,2009,298.0,257.0,83.68
AR,2010,341.0,306.0,90.56
AR,2011,288.0,263.0,92.92
AR,2012,274.0,253.0,92.45
AR,2013,188.0,171.0,89.6
AR,2014,245.0,219.0,91.29
AR,2015,229.0,211.0,90.22
AR,2016,229.0,211.0,92.72
AR,2017,258.0,237.0,92.63
AR,2018,244.0,227.0,93.85
AR,2019,376.0,347.0,93.57
AR,2020,390.0,358.0,89.33
AR,2021,413.0,380.0,89.75
AR,2022,291.0,270.0,92.28
AR,2023,332.0,306.0,91.45
AR,2024,264.0,244.0,92.79
AZ,1995,372.0,319.0,82.29
AZ,1996,514.0,451.0,84.84
AZ,1997,559.0,494.0,88.0
AZ,1998,66.0,57.0,85.34
AZ,1999,564.0,509.0,87.45
AZ,2000,590.0,526.0,87.65
AZ,2001,590.0,528.0,88.83
AZ,2002,558.0,494.0,88.94
AZ,2003,612.0,563.0,91.55
AZ,2004,603.0,565.0,93.1
AZ,2005,432.0,397.0,91.89
AZ,2006,518.0,469.0,89.22
AZ,2007,275.0,252.0,91.22
AZ,2008,275.0,263.0,94.74
AZ,2009,317.0,289.0,92.08
AZ,2010,299.0,267.0,88.76
AZ,2011,248.0,216.0,88.37
AZ,2012,272.0,247.0,89.43
AZ,2013,254.0,229.0,92.02
AZ,2014,292.0,256.0,85.97
AZ,2015,266.0,243.0,91.7
AZ,2016,230.0,207.0,89.92
AZ,2017,265.0,244.0,93.59
AZ,2018,255.0,231.0,89.17
AZ,2019,260.0,245.0,95.17
AZ,2020,303.0,288.0,94.39
AZ,2021,234.0,218.0,92.09
AZ,2022,278.0,258.0,90.64
AZ,2023,251.0,228.0,91.64
AZ,2024,272.0,252.0,93.42
CA,1995,681.0,627.0,90.32
CA,1996,1052.0,965.0,90.73
CA,1997,1097.0,1005.0,89.4
CA,1998,119.0,111.0,92.59
CA,1999,1125.0,1053.0,93.02
CA,2000,1231.0,1133.0,90.89
CA,2001,1261.0,1175.0,91.6
CA,2002,1101.0,1022.0,91.07
CA,2003,1074.0,1019.0,93.43
CA,2004,1144.0,1068.0,93.91
CA,2005,816.0,755.0,93.73
CA,2006,1548.0,1434.0,93.89
CA,2007,1000.0,937.0,95.49
CA,2008,950.0,876.0,94.31
CA,2009,386.0,354.0,91.47
CA,2010,411.0,377.0,92.5
CA,2011,280.0,251.0,93.4
CA,2012,316.0,286.0,91.88
CA,2013,283.0,263.0,90.66
CA,2014,300.0,279.0,92.79
CA,2015,345.0,322.0,93.78
CA,2016,328.0,300.0,90.93
CA,2017,324.0,307.0,93.02
CA,2018,296.0,269.0,91.99
CA,2019,292.0,266.0,86.67
CA,2020,623.0,587.0,94.43
CA,2021,553.0,518.0,91.75
CA,2022,438.0,417.0,95.48
CA,2023,405.0,359.0,87.65
CA,2024,348.0,316.0,90.67
CO,1995,214.0,193.0,88.62
CO,1996,260.0,236.0,89.67
CO,1997,287.0,274.0,94.13
CO,1998,27.0,25.0,91.76
CO,1999,319.0,294.0,90.39
CO,2000,336.0,296.0,87.44
CO,2001,368.0,340.0,92.3
CO,2002,255.0,232.0,90.73
CO,2003,281.0,248.0,85.64
CO,2004,298.0,272.0,91.02
CO,2005,394.0,367.0,93.78
CO,2006,219.0,197.0,90.25
CO,2007,212.0,194.0,91.82
CO,2008,305.0,284.0,92.42
CO,2009,337.0,295.0,83.93
CO,2010,353.0,310.0,89.97
CO,2011,369.0,324.0,91.25
CO,2012,266.0,247.0,93.43
CO,2013,267.0,233.0,87.1
CO,2014,320.0,295.0,87.83
CO,2015,246.0,227.0,93.81
CO,2016,238.0,215.0,90.61
CO,2017,264.0,234.0,87.92
CO,2018,245.0,229.0,93.81
CO,2019,240.0,228.0,96.04
CO,2020,280.0,263.0,91.26
CO,2021,258.0,239.0,90.92
CO,2022,308.0,290.0,93.78
CO,2023,291.0,260.0,88.67
CO,2024,294.0,276.0,93.32
CT,1995,216.0,205.0,94.31
CT,1996,253.0,246.0,96.68
CT,1997,308.0,288.0,93.72
CT,1998,46.0,43.0,94.13
CT,1999,291.0,281.0,95.82
CT,2000,280.0,269.0,95.88
CT,2001,285.0,269.0,93.95
CT,2002,289.0,278.0,95.62
CT,2003,279.0,274.0,98.61
CT,2004,237.0,229.0,95.05
CT,2005,212.0,202.0,96.14
CT,2006,274.0,264.0,97.12
CT,2007,252.0,242.0,96.08
CT,2008,227.0,219.0,96.66
CT,2009,229.0,212.0,94.88
CT,2010,247.0,239.0,98.03
CT,2011,352.0,335.0,94.96
CT,2012,281.0,265.0,94.96
CT,2013,213.0,202.0,91.39
CT,2014,237.0,223.0,93.91
CT,2015,250.0,248.0,99.61
CT,2016,267.0,258.0,95.91
CT,2017,266.0,255.0,96.13
CT,2018,166.0,158.0,95.5
CT,2019,159.0,152.0,94.85
CT,2020,221.0,214.0,97.52
CT,2021,409.0,396.0,95.6
CT,2022,233.0,223.0,97.53
CT,2023,257.0,253.0,98.32
CT,2024,225.0,217.0,97.18
DC,1995,170.0,150.0,88.95
DC,1996,253.0,235.0,92.95
DC,1997,244.0,221.0,89.65
DC,1998,35.0,33.0,95.66
DC,1999,293.0,271.0,91.24
DC,2000,289.0,260.0,86.3
DC,2001,311.0,290.0,92.19
DC,2002,259.0,241.0,91.6
DC,2003,266.0,251.0,93.19
DC,2004,326.0,312.0,94.94
DC,2005,296.0,279.0,93.06
DC,2006,311.0,295.0,94.19
DC,2007,301.0,290.0,96.27
DC,2008,269.0,248.0,91.29
DC,2009,355.0,338.0,93.64
DC,2010,260.0,251.0,97.39
DC,2011,332.0,316.0,95.21
DC,2012,320.0,305.0,95.09
DC,2013,223.0,215.0,96.53
DC,2014,280.0,263.0,92.81
DC,2015,321.0,306.0,94.2
DC,2016,309.0,293.0,94.08
DC,2017,269.0,258.0,94.12
DC,2018,312.0,293.0,92.11
DC,2019,285.0,263.0,90.27
DC,2020,341.0,324.0,95.22
DC,2021,334.0,303.0,89.18
DC,2022,328.0,300.0,89.43
DC,2023,270.0,238.0,91.29
DC,2024,358.0,318.0,88.9
DE,1995,209.0,189.0,84.79
DE,1996,277.0,251.0,90.39
DE,1997,283.0,261.0,91.46
DE,1998,40.0,39.0,97.89
DE,1999,299.0,283.0,94.22
DE,2000,300.0,274.0,90.24
DE,2001,281.0,263.0,93.88
DE,2002,297.0,284.0,95.59
DE,2003,291.0,279.0,93.45
DE,2004,317.0,303.0,94.54
DE,2005,171.0,164.0,95.44
DE,2006,235.0,228.0,96.92
DE,2007,284.0,274.0,95.73
DE,2008,290.0,276.0,93.91
DE,2009,251.0,232.0,92.86
DE,2010,347.0,324.0,93.99
DE,2011,292.0,275.0,91.98
DE,2012,266.0,254.0,95.34
DE,2013,242.0,230.0,94.85
DE,2014,258.0,243.0,91.5
DE,2015,232.0,226.0,97.18
DE,2016,222.0,207.0,93.81
DE,2017,232.0,217.0,93.2
DE,2018,247.0,229.0,92.09
DE,2019,249.0,237.0,95.64
DE,2020,310.0,285.0,92.03
DE,2021,192.0,179.0,94.71
DE,2022,194.0,184.0,94.4
DE,2023,182.0,165.0,90.62
DE,2024,189.0,180.0,97.22
FL,1995,542.0,495.0,90.59
FL,1996,764.0,703.0,89.86
FL,1997,836.0,764.0,90.55
FL,1998,119.0,109.0,92.74
FL,1999,853.0,796.0,91.94
FL,2000,805.0,735.0,89.15
FL,2001,811.0,755.0,91.52
FL,2002,848.0,790.0,91.36
FL,2003,829.0,788.0,95.23
FL,2004,823.0,773.0,96.14
FL,2005,526.0,495.0,93.37
FL,2006,921.0,867.0,93.27
FL,2007,521.0,497.0,92.73
FL,2008,756.0,700.0,92.63
FL,2009,326.0,303.0,93.45
FL,2010,276.0,256.0,95.02
FL,2011,276.0,259.0,94.28
FL,2012,276.0,260.0,92.58
FL,2013,228.0,212.0,93.37
FL,2014,227.0,207.0,91.39
FL,2015,273.0,255.0,91.94
FL,2016,273.0,246.0,92.49
FL,2017,314.0,284.0,93.43
FL,2018,306.0,279.0,91.39
FL,2019,390.0,361.0,93.67
FL,2020,335.0,316.0,95.22
FL,2021,291.0,265.0,89.67
FL,2022,374.0,353.0,94.49
FL,2023,450.0,418.0,93.04
FL,2024,359.0,338.0,94.88
GA,1995,389.0,361.0,91.81
GA,1996,525.0,493.0,92.12
GA,1997,567.0,525.0,91.24
GA,1998,96.0,90.0,92.75
GA,1999,541.0,503.0,91.53
GA,2000,559.0,517.0,91.1
GA,2001,598.0,552.0,90.56
GA,2002,594.0,557.0,93.06
GA,2003,565.0,521.0,91.03
GA,2004,549.0,517.0,92.15
GA,2005,503.0,480.0,94.62
GA,2006,568.0,537.0,92.26
GA,2007,313.0,287.0,92.16
GA,2008,299.0,276.0,94.1
GA,2009,297.0,276.0,92.27
GA,2010,306.0,282.0,92.24
GA,2011,306.0,285.0,91.8
GA,2012,284.0,266.0,92.76
GA,2013,178.0,162.0,93.91
GA,2014,270.0,253.0,94.79
GA,2015,286.0,266.0,90.95
GA,2016,274.0,257.0,94.41
GA,2017,299.0,277.0,91.98
GA,2018,324.0,308.0,93.83
GA,2019,301.0,283.0,94.98
GA,2020,290.0,265.0,89.42
GA,2021,266.0,248.0,90.69
GA,2022,304.0,284.0,93.42
GA,2023,404.0,361.0,87.05
GA,2024,314.0,291.0,92.92
HI,1995,188.0,175.0,94.36
HI,1996,253.0,238.0,92.93
HI,1997,265.0,246.0,91.16
HI,1998,42.0,41.0,97.97
HI,1999,299.0,283.0,94.48
HI,2000,275.0,260.0,93.74
HI,2001,278.0,252.0,91.02
HI,2002,292.0,282.0,96.36
HI,2003,293.0,274.0,93.7
HI,2004,322.0,304.0,94.68
HI,2005,195.0,182.0,92.35
HI,2006,230.0,205.0,90.7
HI,2007,214.0,200.0,95.62
HI,2008,238.0,224.0,95.12
HI,2009,221.0,196.0,90.04
HI,2010,323.0,305.0,94.71
HI,2011,270.0,250.0,91.81
HI,2012,266.0,251.0,95.24
HI,2013,243.0,223.0,92.95
HI,2014,250.0,231.0,92.94
HI,2015,261.0,247.0,95.44
HI,2016,266.0,240.0,91.81
HI,2017,236.0,212.0,90.51
HI,2018,230.0,203.0,88.47
HI,2019,210.0,189.0,88.75
HI,2020,263.0,236.0,88.91
HI,2021,271.0,240.0,90.1
HI,2022,220.0,195.0,91.97
HI,2023,218.0,194.0,89.52
HI,2024,232.0,207.0,90.71
IA,1995,274.0,252.0,91.23
IA,1996,301.0,280.0,92.43
IA,1997,337.0,303.0,89.77
IA,1998,36.0,33.0,89.93
IA,1999,304.0,280.0,91.52
IA,2000,278.0,259.0,92.67
IA,2001,292.0,263.0,89.22
IA,2002,283.0,264.0,92.65
IA,2003,264.0,243.0,91.56
IA,2004,263.0,248.0,92.91
IA,2005,206.0,192.0,92.78
IA,2006,226.0,213.0,93.58
IA,2007,266.0,252.0,93.65
IA,2008,262.0,243.0,91.38
IA,2009,266.0,253.0,94.57
IA,2010,252.0,238.0,93.78
IA,2011,282.0,255.0,88.96
IA,2012,304.0,283.0,93.43
IA,2013,214.0,200.0,94.86
IA,2014,197.0,182.0,91.1
IA,2015,279.0,264.0,95.68
IA,2016,298.0,286.0,96.19
IA,2017,226.0,208.0,91.87
IA,2018,207.0,192.0,90.69
IA,2019,203.0,193.0,96.33
IA,2020,271.0,262.0,97.77
IA,2021,228.0,222.0,96.49
IA,2022,271.0,257.0,93.35
IA,2023,301.0,289.0,95.04
IA,2024,262.0,253.0,97.55
ID,1995,224.0,197.0,87.55
ID,1996,319.0,271.0,83.4
ID,1997,327.0,295.0,87.98
ID,1998,45.0,44.0,98.3
ID,1999,311.0,271.0,86.11
ID,2000,326.0,289.0,88.0
ID,2001,327.0,295.0,88.56
ID,2002,297.0,263.0,87.16
ID,2003,253.0,236.0,92.85
ID,2004,293.0,271.0,91.66
ID,2005,227.0,202.0,88.14
ID,2006,222.0,201.0,89.12
ID,2007,183.0,157.0,87.41
ID,2008,282.0,251.0,86.92
ID,2009,207.0,184.0,90.1
ID,2010,271.0,240.0,87.98
ID,2011,248.0,221.0,89.05
ID,2012,289.0,260.0,93.31
ID,2013,233.0,213.0,91.11
ID,2014,235.0,214.0,89.75
ID,2015,209.0,189.0,91.83
ID,2016,225.0,201.0,88.98
ID,2017,198.0,182.0,92.25
ID,2018,202.0,188.0,93.97
ID,2019,190.0,168.0,91.39
ID,2020,677.0,645.0,93.25
ID,2021,364.0,344.0,92.92
ID,2022,278.0,257.0,91.41
ID,2023,274.0,249.0,88.27
ID,2024,252.0,231.0,92.6
IL,1995,379.0,350.0,90.33
IL,1996,512.0,460.0,89.54
IL,1997,533.0,479.0,89.01
IL,1998,58.0,54.0,95.25
IL,1999,564.0,514.0,91.92
IL,2000,615.0,562.0,91.51
IL,2001,602.0,541.0,89.56
IL,2002,562.0,529.0,94.43
IL,2003,538.0,508.0,93.64
IL,2004,574.0,546.0,95.21
IL,2005,434.0,399.0,93.5
IL,2006,540.0,508.0,92.17
IL,2007,598.0,555.0,93.74
IL,2008,969.0,889.0,91.67
IL,2009,631.0,583.0,89.7
IL,2010,657.0,603.0,91.95
IL,2011,701.0,651.0,93.45
IL,2012,571.0,520.0,92.49
IL,2013,495.0,457.0,91.96
IL,2014,583.0,547.0,94.84
IL,2015,559.0,516.0,92.31
IL,2016,494.0,475.0,96.25
IL,2017,473.0,441.0,92.67
IL,2018,474.0,447.0,94.15
IL,2019,456.0,432.0,95.35
IL,2020,581.0,543.0,92.35
IL,2021,530.0,492.0,91.49
IL,2022,604.0,564.0,92.61
IL,2023,543.0,515.0,93.82
IL,2024,494.0,465.0,94.0
IN,1995,407.0,367.0,88.44
IN,1996,566.0,501.0,85.54
IN,1997,605.0,544.0,88.46
IN,1998,63.0,57.0,94.36
IN,1999,528.0,484.0,89.84
IN,2000,514.0,458.0,87.66
IN,2001,559.0,511.0,91.09
IN,2002,587.0,541.0,91.42
IN,2003,534.0,502.0,92.6
IN,2004,514.0,479.0,91.52
IN,2005,212.0,200.0,91.86
IN,2006,521.0,477.0,90.94
IN,2007,698.0,637.0,91.29
IN,2008,301.0,277.0,91.16
IN,2009,708.0,636.0,88.88
IN,2010,322.0,297.0,92.28
IN,2011,347.0,324.0,93.21
IN,2012,252.0,230.0,90.61
IN,2013,243.0,222.0,92.36
IN,2014,309.0,289.0,91.6
IN,2015,231.0,218.0,94.52
IN,2016,239.0,222.0,93.48
IN,2017,256.0,223.0,87.81
IN,2018,279.0,251.0,87.36
IN,2019,280.0,257.0,93.11
IN,2020,312.0,285.0,90.34
IN,2021,216.0,197.0,90.51
IN,2022,224.0,208.0,93.14
IN,2023,223.0,211.0,94.41
IN,2024,216.0,193.0,90.86
KS,1995,238.0,215.0,86.42
KS,1996,286.0,255.0,86.76
KS,1997,289.0,272.0,93.71
KS,1998,44.0,42.0,94.84
KS,1999,328.0,301.0,89.9
KS,2000,281.0,245.0,87.09
KS,2001,269.0,252.0,90.35
KS,2002,291.0,271.0,93.89
KS,2003,248.0,226.0,89.45
KS,2004,260.0,245.0,92.3
KS,2005,255.0,238.0,94.24
KS,2006,548.0,512.0,93.64
KS,2007,242.0,227.0,93.43
KS,2008,303.0,283.0,93.22
KS,2009,218.0,204.0,92.71
KS,2010,270.0,249.0,90.56
KS,2011,328.0,299.0,88.64
KS,2012,297.0,265.0,88.66
KS,2013,205.0,186.0,90.28
KS,2014,234.0,220.0,93.42
KS,2015,228.0,214.0,94.57
KS,2016,207.0,190.0,92.29
KS,2017,192.0,173.0,89.79
KS,2018,193.0,173.0,89.38
KS,2019,398.0,376.0,93.09
KS,2020,395.0,365.0,92.41
KS,2021,348.0,327.0,90.89
KS,2022,382.0,357.0,91.5
KS,2023,410.0,384.0,93.28
KS,2024,336.0,307.0,90.4
KY,1995,207.0,190.0,88.38
KY,1996,290.0,271.0,91.62
KY,1997,307.0,279.0,89.54
KY,1998,36.0,31.0,85.89
KY,1999,299.0,282.0,93.72
KY,2000,308.0,280.0,88.6
KY,2001,305.0,282.0,92.39
KY,2002,272.0,246.0,88.37
KY,2003,265.0,254.0,95.63
KY,2004,243.0,226.0,91.31
KY,2005,214.0,200.0,91.93
KY,2006,267.0,248.0,93.16
KY,2007,318.0,296.0,91.5
KY,2008,272.0,250.0,91.01
KY,2009,350.0,319.0,90.97
KY,2010,276.0,251.0,90.14
KY,2011,248.0,232.0,93.0
KY,2012,302.0,271.0,89.19
KY,2013,190.0,168.0,89.45
KY,2014,220.0,199.0,88.77
KY,2015,241.0,222.0,92.62
KY,2016,243.0,227.0,93.91
KY,2017,229.0,217.0,94.59
KY,2018,175.0,165.0,94.96
KY,2019,182.0,166.0,88.43
KY,2020,318.0,299.0,92.05
KY,2021,242.0,226.0,93.32
KY,2022,310.0,291.0,93.51
KY,2023,363.0,333.0,87.74
KY,2024,291.0,267.0,91.13
LA,1995,405.0,359.0,87.48
LA,1996,486.0,434.0,87.97
LA,1997,509.0,455.0,88.21
LA,1998,79.0,70.0,86.4
LA,1999,591.0,524.0,89.78
LA,2000,571.0,492.0,87.68
LA,2001,572.0,490.0,84.66
LA,2002,551.0,481.0,87.5
LA,2003,557.0,498.0,88.4
LA,2004,568.0,509.0,88.74
LA,2005,556.0,505.0,91.13
LA,2006,287.0,261.0,89.68
LA,2007,281.0,259.0,93.32
LA,2008,340.0,320.0,95.59
LA,2009,266.0,254.0,95.86
LA,2010,226.0,205.0,90.4
LA,2011,276.0,256.0,93.44
LA,2012,304.0,270.0,91.78
LA,2013,224.0,203.0,89.18
LA,2014,270.0,248.0,91.9
LA,2015,223.0,208.0,93.11
LA,2016,244.0,220.0,91.38
LA,2017,282.0,262.0,91.56
LA,2018,235.0,217.0,94.02
LA,2019,355.0,335.0,94.87
LA,2020,423.0,392.0,91.64
LA,2021,380.0,358.0,91.66
LA,2022,430.0,409.0,94.97
LA,2023,456.0,414.0,91.73
LA,2024,384.0,357.0,90.17
MA,1995,421.0,404.0,93.92
MA,1996,555.0,536.0,97.2
MA,1997,598.0,571.0,95.56
MA,1998,90.0,89.0,98.21
MA,1999,522.0,496.0,94.37
MA,2000,562.0,528.0,96.11
MA,2001,599.0,558.0,92.84
MA,2002,593.0,560.0,95.57
MA,2003,567.0,548.0,97.73
MA,2004,551.0,527.0,96.62
MA,2005,233.0,227.0,98.16
MA,2006,512.0,493.0,96.92
MA,2007,199.0,187.0,93.34
MA,2008,266.0,257.0,97.08
MA,2009,275.0,257.0,93.91
MA,2010,297.0,279.0,93.37
MA,2011,264.0,253.0,93.73
MA,2012,270.0,257.0,94.35
MA,2013,241.0,234.0,96.89
MA,2014,237.0,223.0,94.94
MA,2015,307.0,289.0,93.8
MA,2016,312.0,307.0,98.75
MA,2017,271.0,265.0,98.3
MA,2018,282.0,269.0,95.45
MA,2019,270.0,261.0,96.75
MA,2020,387.0,373.0,97.03
MA,2021,335.0,326.0,97.04
MA,2022,265.0,255.0,97.4
MA,2023,271.0,263.0,98.06
MA,2024,269.0,260.0,96.28
MD,1995,369.0,346.0,92.09
MD,1996,510.0,474.0,91.68
MD,1997,553.0,531.0,95.3
MD,1998,63.0,63.0,100.0
MD,1999,539.0,513.0,96.06
MD,2000,583.0,539.0,90.92
MD,2001,632.0,586.0,92.86
MD,2002,529.0,511.0,95.65
MD,2003,550.0,524.0,93.72
MD,2004,546.0,521.0,94.84
MD,2005,433.0,415.0,94.83
MD,2006,519.0,498.0,96.63
MD,2007,313.0,305.0,97.58
MD,2008,610.0,570.0,94.69
MD,2009,485.0,452.0,90.75
MD,2010,306.0,285.0,90.82
MD,2011,582.0,562.0,95.36
MD,2012,311.0,295.0,92.76
MD,2013,287.0,276.0,95.26
MD,2014,303.0,283.0,96.01
MD,2015,361.0,349.0,96.67
MD,2016,372.0,349.0,94.39
MD,2017,361.0,345.0,92.49
MD,2018,367.0,348.0,93.38
MD,2019,700.0,668.0,95.97
MD,2020,871.0,844.0,94.97
MD,2021,730.0,699.0,96.11
MD,2022,481.0,458.0,94.2
MD,2023,558.0,541.0,96.84
MD,2024,407.0,389.0,94.62
ME,1995,235.0,233.0,99.02
ME,1996,312.0,297.0,95.26
ME,1997,333.0,318.0,95.35
ME,1998,44.0,42.0,94.91
ME,1999,274.0,253.0,92.03
ME,2000,296.0,277.0,93.99
ME,2001,310.0,294.0,94.51
ME,2002,258.0,240.0,92.93
ME,2003,277.0,264.0,94.14
ME,2004,255.0,235.0,92.45
ME,2005,189.0,178.0,94.37
ME,2006,204.0,190.0,93.12
ME,2007,219.0,201.0,90.76
ME,2008,275.0,256.0,92.85
ME,2009,261.0,243.0,93.24
ME,2010,220.0,202.0,90.94
ME,2011,258.0,235.0,92.09
ME,2012,264.0,242.0,92.89
ME,2013,209.0,190.0,91.27
ME,2014,239.0,228.0,97.25
ME,2015,221.0,212.0,96.48
ME,2016,260.0,239.0,92.52
ME,2017,271.0,251.0,94.05
ME,2018,263.0,249.0,93.58
ME,2019,238.0,216.0,94.39
ME,2020,283.0,262.0,92.63
ME,2021,235.0,226.0,95.85
ME,2022,221.0,214.0,97.55
ME,2023,230.0,215.0,93.08
ME,2024,222.0,211.0,95.07
MI,1995,391.0,343.0,86.2
MI,1996,512.0,448.0,89.66
MI,1997,585.0,514.0,89.25
MI,1998,82.0,72.0,83.36
MI,1999,546.0,490.0,89.81
MI,2000,529.0,456.0,88.96
MI,2001,601.0,536.0,88.86
MI,2002,539.0,495.0,93.35
MI,2003,565.0,518.0,92.52
MI,2004,626.0,583.0,91.99
MI,2005,430.0,405.0,95.35
MI,2006,539.0,492.0,92.74
MI,2007,270.0,247.0,89.84
MI,2008,282.0,253.0,90.34
MI,2009,331.0,309.0,92.86
MI,2010,270.0,244.0,91.6
MI,2011,353.0,316.0,88.72
MI,2012,283.0,262.0,91.52
MI,2013,212.0,195.0,89.43
MI,2014,245.0,223.0,87.42
MI,2015,254.0,235.0,91.72
MI,2016,230.0,205.0,88.14
MI,2017,237.0,220.0,92.86
MI,2018,294.0,268.0,92.34
MI,2019,324.0,306.0,93.22
MI,2020,444.0,423.0,95.96
MI,2021,343.0,325.0,95.06
MI,2022,457.0,443.0,96.93
MI,2023,494.0,465.0,91.72
MI,2024,399.0,374.0,92.25
MN,1995,242.0,223.0,91.65
MN,1996,323.0,311.0,95.68
MN,1997,310.0,289.0,91.73
MN,1998,45.0,44.0,96.25
MN,1999,273.0,260.0,95.75
MN,2000,285.0,265.0,92.48
MN,2001,306.0,281.0,90.79
MN,2002,282.0,264.0,92.69
MN,2003,268.0,250.0,92.56
MN,2004,250.0,234.0,92.08
MN,2005,213.0,203.0,93.98
MN,2006,236.0,220.0,92.62
MN,2007,265.0,248.0,94.89
MN,2008,362.0,339.0,93.4
MN,2009,274.0,254.0,94.4
MN,2010,269.0,254.0,93.31
MN,2011,234.0,227.0,97.02
MN,2012,290.0,268.0,90.38
MN,2013,195.0,180.0,91.45
MN,2014,199.0,188.0,94.26
MN,2015,289.0,270.0,92.85
MN,2016,279.0,265.0,92.59
MN,2017,249.0,235.0,94.64
MN,2018,217.0,203.0,91.92
MN,2019,190.0,182.0,95.55
MN,2020,408.0,382.0,93.17
MN,2021,260.0,249.0,93.52
MN,2022,266.0,250.0,93.91
MN,2023,268.0,250.0,91.78
MN,2024,276.0,255.0,92.88
MO,1995,219.0,205.0,91.51
MO,1996,286.0,258.0,87.22
MO,1997,295.0,269.0,90.09
MO,1998,37.0,35.0,96.52
MO,1999,314.0,283.0,88.63
MO,2000,274.0,254.0,92.93
MO,2001,267.0,243.0,90.51
MO,2002,271.0,258.0,94.76
MO,2003,290.0,276.0,94.46
MO,2004,261.0,245.0,94.04
MO,2005,522.0,487.0,92.43
MO,2006,275.0,266.0,95.74
MO,2007,258.0,238.0,90.0
MO,2008,315.0,292.0,92.25
MO,2009,326.0,297.0,89.61
MO,2010,325.0,295.0,90.52
MO,2011,360.0,320.0,88.47
MO,2012,252.0,233.0,93.14
MO,2013,188.0,171.0,89.77
MO,2014,272.0,248.0,90.73
MO,2015,226.0,211.0,92.9
MO,2016,215.0,198.0,92.88
MO,2017,229.0,202.0,86.59
MO,2018,243.0,214.0,88.16
MO,2019,321.0,291.0,89.94
MO,2020,439.0,419.0,94.94
MO,2021,398.0,367.0,87.71
MO,2022,390.0,366.0,92.83
MO,2023,428.0,402.0,93.1
MO,2024,299.0,281.0,95.13
MS,1995,225.0,204.0,89.35
MS,1996,292.0,270.0,93.05
MS,1997,300.0,277.0,90.67
MS,1998,39.0,34.0,85.07
MS,1999,277.0,258.0,92.34
MS,2000,289.0,260.0,90.32
MS,2001,286.0,270.0,93.29
MS,2002,254.0,231.0,91.13
MS,2003,250.0,237.0,94.65
MS,2004,285.0,272.0,94.38
MS,2005,267.0,248.0,91.44
MS,2006,284.0,257.0,89.15
MS,2007,245.0,221.0,89.08
MS,2008,377.0,344.0,91.29
MS,2009,339.0,316.0,92.92
MS,2010,323.0,302.0,94.29
MS,2011,262.0,239.0,90.53
MS,2012,303.0,282.0,93.51
MS,2013,180.0,168.0,95.18
MS,2014,205.0,196.0,95.57
MS,2015,233.0,215.0,90.14
MS,2016,239.0,217.0,90.85
MS,2017,247.0,228.0,92.13
MS,2018,299.0,267.0,91.6
MS,2019,307.0,280.0,91.2
MS,2020,300.0,271.0,90.84
MS,2021,314.0,288.0,92.36
MS,2022,297.0,273.0,94.35
MS,2023,332.0,299.0,89.38
MS,2024,223.0,207.0,86.54
MT,1995,239.0,215.0,88.15
MT,1996,299.0,267.0,87.65
MT,1997,334.0,296.0,87.04
MT,1998,40.0,35.0,86.67
MT,1999,282.0,263.0,93.41
MT,2000,288.0,260.0,89.94
MT,2001,290.0,274.0,94.7
MT,2002,276.0,235.0,85.31
MT,2003,282.0,257.0,91.35
MT,2004,280.0,256.0,91.24
MT,2005,260.0,246.0,94.09
MT,2006,280.0,255.0,87.9
MT,2007,269.0,245.0,91.64
MT,2008,268.0,237.0,86.54
MT,2009,262.0,227.0,87.16
MT,2010,264.0,230.0,85.06
MT,2011,295.0,264.0,89.69
MT,2012,310.0,283.0,91.98
MT,2013,220.0,193.0,87.3
MT,2014,220.0,205.0,93.39
MT,2015,251.0,229.0,92.25
MT,2016,246.0,213.0,85.96
MT,2017,216.0,198.0,92.49
MT,2018,280.0,249.0,89.22
MT,2019,256.0,235.0,92.68
MT,2020,240.0,222.0,93.5
MT,2021,225.0,214.0,94.79
MT,2022,192.0,160.0,85.7
MT,2023,205.0,176.0,85.29
MT,2024,254.0,226.0,89.44
NC,1995,221.0,203.0,91.97
NC,1996,286.0,262.0,89.67
NC,1997,309.0,292.0,94.36
NC,1998,47.0,44.0,94.98
NC,1999,292.0,272.0,92.54
NC,2000,312.0,296.0,94.75
NC,2001,301.0,291.0,96.65
NC,2002,259.0,244.0,94.87
NC,2003,276.0,266.0,96.21
NC,2004,311.0,302.0,95.62
NC,2005,216.0,205.0,94.44
NC,2006,241.0,235.0,97.61
NC,2007,263.0,251.0,96.87
NC,2008,318.0,298.0,92.91
NC,2009,262.0,248.0,93.42
NC,2010,310.0,294.0,94.89
NC,2011,250.0,236.0,93.51
NC,2012,286.0,259.0,89.89
NC,2013,262.0,250.0,96.0
NC,2014,269.0,253.0,94.31
NC,2015,261.0,246.0,94.34
NC,2016,267.0,249.0,93.34
NC,2017,298.0,274.0,92.64
NC,2018,351.0,330.0,93.71
NC,2019,337.0,311.0,93.81
NC,2020,267.0,246.0,91.32
NC,2021,272.0,263.0,97.25
NC,2022,441.0,420.0,96.36
NC,2023,471.0,446.0,95.94
NC,2024,326.0,300.0,93.21
ND,1995,222.0,204.0,90.5
ND,1996,299.0,270.0,89.36
ND,1997,320.0,291.0,90.62
ND,1998,46.0,45.0,94.9
ND,1999,306.0,279.0,90.77
ND,2000,320.0,295.0,91.6
ND,2001,318.0,296.0,92.54
ND,2002,278.0,259.0,90.71
ND,2003,273.0,249.0,90.93
ND,2004,294.0,272.0,92.57
ND,2005,270.0,257.0,94.55
ND,2006,322.0,304.0,92.91
ND,2007,249.0,238.0,95.77
ND,2008,269.0,244.0,90.57
ND,2009,206.0,196.0,95.11
ND,2010,253.0,237.0,93.13
ND,2011,213.0,201.0,94.7
ND,2012,258.0,238.0,90.86
ND,2013,303.0,278.0,91.63
ND,2014,334.0,317.0,95.81
ND,2015,234.0,220.0,94.6
ND,2016,205.0,186.0,89.84
ND,2017,222.0,209.0,95.73
ND,2018,241.0,222.0,93.48
ND,2019,232.0,217.0,95.05
ND,2020,336.0,320.0,94.98
ND,2021,280.0,265.0,94.23
ND,2022,244.0,228.0,92.76
ND,2023,231.0,212.0,89.1
ND,2024,248.0,225.0,91.02
NE,1995,224.0,206.0,89.61
NE,1996,308.0,284.0,91.18
NE,1997,340.0,310.0,89.36
NE,1998,44.0,40.0,89.61
NE,1999,296.0,274.0,92.02
NE,2000,289.0,264.0,91.51
NE,2001,301.0,274.0,90.85
NE,2002,282.0,262.0,93.16
NE,2003,276.0,258.0,91.0
NE,2004,302.0,280.0,92.73
NE,2005,222.0,211.0,96.15
NE,2006,250.0,235.0,91.38
NE,2007,214.0,203.0,94.97
NE,2008,316.0,295.0,93.46
NE,2009,247.0,231.0,94.29
NE,2010,243.0,231.0,94.53
NE,2011,246.0,234.0,94.78
NE,2012,266.0,242.0,90.23
NE,2013,241.0,224.0,92.47
NE,2014,239.0,228.0,96.03
NE,2015,231.0,219.0,95.87
NE,2016,219.0,204.0,93.67
NE,2017,246.0,233.0,94.13
NE,2018,230.0,217.0,92.74
NE,2019,228.0,220.0,96.77
NE,2020,305.0,285.0,94.03
NE,2021,262.0,253.0,96.57
NE,2022,242.0,229.0,95.66
NE,2023,282.0,266.0,94.56
NE,2024,228.0,215.0,95.88
NH,1995,241.0,231.0,95.67
NH,1996,306.0,288.0,94.05
NH,1997,311.0,299.0,95.47
NH,1998,42.0,40.0,94.97
NH,1999,253.0,237.0,93.28
NH,2000,321.0,305.0,94.93
NH,2001,318.0,300.0,94.55
NH,2002,278.0,263.0,93.85
NH,2003,280.0,267.0,94.64
NH,2004,261.0,248.0,93.52
NH,2005,237.0,216.0,91.45
NH,2006,245.0,226.0,92.95
NH,2007,199.0,192.0,97.18
NH,2008,241.0,229.0,95.25
NH,2009,236.0,220.0,93.53
NH,2010,232.0,224.0,96.38
NH,2011,217.0,201.0,92.38
NH,2012,251.0,239.0,95.33
NH,2013,226.0,217.0,96.33
NH,2014,248.0,232.0,93.62
NH,2015,195.0,186.0,95.29
NH,2016,238.0,230.0,96.27
NH,2017,236.0,223.0,94.13
NH,2018,220.0,203.0,93.61
NH,2019,223.0,213.0,92.65
NH,2020,252.0,244.0,96.43
NH,2021,248.0,240.0,97.61
NH,2022,201.0,185.0,92.46
NH,2023,194.0,184.0,96.66
NH,2024,229.0,221.0,96.96
NJ,1995,358.0,333.0,90.78
NJ,1996,497.0,447.0,90.96
NJ,1997,500.0,456.0,93.63
NJ,1998,74.0,66.0,93.48
NJ,1999,583.0,542.0,94.07
NJ,2000,638.0,562.0,88.56
NJ,2001,636.0,582.0,92.11
NJ,2002,554.0,512.0,93.07
NJ,2003,532.0,497.0,94.06
NJ,2004,566.0,535.0,94.86
NJ,2005,505.0,458.0,88.55
NJ,2006,553.0,503.0,92.98
NJ,2007,260.0,247.0,93.64
NJ,2008,322.0,299.0,90.89
NJ,2009,353.0,322.0,89.9
NJ,2010,332.0,303.0,87.4
NJ,2011,340.0,312.0,91.35
NJ,2012,285.0,269.0,94.9
NJ,2013,265.0,253.0,95.81
NJ,2014,262.0,245.0,93.33
NJ,2015,272.0,262.0,94.81
NJ,2016,268.0,253.0,94.02
NJ,2017,356.0,324.0,90.23
NJ,2018,313.0,293.0,95.28
NJ,2019,264.0,241.0,90.2
NJ,2020,262.0,248.0,93.7
NJ,2021,283.0,266.0,93.23
NJ,2022,277.0,267.0,96.85
NJ,2023,265.0,245.0,91.06
NJ,2024,292.0,272.0,91.06
NM,1995,204.0,185.0,86.97
NM,1996,270.0,245.0,90.4
NM,1997,293.0,255.0,84.46
NM,1998,35.0,30.0,80.69
NM,1999,298.0,263.0,87.54
NM,2000,309.0,261.0,83.04
NM,2001,338.0,298.0,87.71
NM,2002,259.0,237.0,92.45
NM,2003,253.0,236.0,93.9
NM,2004,325.0,299.0,90.27
NM,2005,203.0,184.0,91.58
NM,2006,506.0,461.0,90.09
NM,2007,268.0,233.0,90.81
NM,2008,280.0,258.0,91.69
NM,2009,342.0,312.0,90.79
NM,2010,318.0,279.0,89.71
NM,2011,303.0,281.0,92.93
NM,2012,282.0,248.0,89.08
NM,2013,255.0,231.0,90.28
NM,2014,280.0,255.0,94.59
NM,2015,244.0,222.0,90.0
NM,2016,249.0,229.0,92.38
NM,2017,233.0,215.0,90.2
NM,2018,313.0,292.0,94.37
NM,2019,505.0,477.0,94.06
NM,2020,394.0,377.0,95.5
NM,2021,386.0,369.0,93.81
NM,2022,375.0,349.0,92.34
NM,2023,392.0,361.0,93.0
NM,2024,282.0,255.0,91.27
NV,1995,196.0,167.0,85.83
NV,1996,252.0,216.0,82.29
NV,1997,284.0,252.0,87.86
NV,1998,35.0,35.0,100.0
NV,1999,313.0,280.0,89.02
NV,2000,329.0,293.0,88.05
NV,2001,297.0,260.0,86.35
NV,2002,258.0,238.0,90.55
NV,2003,282.0,255.0,89.23
NV,2004,317.0,282.0,87.41
NV,2005,347.0,310.0,86.6
NV,2006,240.0,210.0,86.33
NV,2007,232.0,205.0,87.65
NV,2008,246.0,218.0,89.71
NV,2009,320.0,278.0,87.65
NV,2010,229.0,201.0,87.36
NV,2011,279.0,252.0,90.66
NV,2012,287.0,258.0,90.39
NV,2013,298.0,268.0,90.66
NV,2014,297.0,270.0,90.74
NV,2015,214.0,201.0,93.93
NV,2016,202.0,182.0,90.54
NV,2017,235.0,217.0,93.44
NV,2018,260.0,228.0,87.35
NV,2019,387.0,358.0,93.61
NV,2020,325.0,306.0,94.36
NV,2021,386.0,360.0,93.74
NV,2022,324.0,295.0,88.38
NV,2023,366.0,332.0,87.36
NV,2024,313.0,292.0,92.9
NY,1995,352.0,326.0,91.26
NY,1996,475.0,451.0,95.14
NY,1997,525.0,498.0,93.1
NY,1998,70.0,69.0,98.43
NY,1999,541.0,514.0,95.3
NY,2000,581.0,549.0,94.25
NY,2001,589.0,550.0,92.86
NY,2002,498.0,475.0,94.89
NY,2003,521.0,499.0,95.54
NY,2004,522.0,498.0,95.75
NY,2005,433.0,415.0,95.11
NY,2006,526.0,511.0,97.6
NY,2007,542.0,509.0,95.25
NY,2008,529.0,493.0,93.55
NY,2009,452.0,419.0,93.31
NY,2010,454.0,415.0,90.07
NY,2011,521.0,473.0,91.44
NY,2012,554.0,509.0,91.66
NY,2013,468.0,452.0,97.11
NY,2014,466.0,435.0,93.39
NY,2015,566.0,532.0,93.97
NY,2016,546.0,517.0,94.54
NY,2017,543.0,497.0,93.28
NY,2018,504.0,470.0,92.67
NY,2019,527.0,485.0,91.56
NY,2020,789.0,758.0,96.52
NY,2021,690.0,661.0,94.42
NY,2022,634.0,587.0,92.43
NY,2023,615.0,581.0,93.79
NY,2024,598.0,566.0,94.06
OH,1995,651.0,592.0,88.83
OH,1996,785.0,738.0,93.2
OH,1997,856.0,774.0,89.34
OH,1998,118.0,111.0,92.05
OH,1999,919.0,853.0,90.33
OH,2000,825.0,738.0,89.13
OH,2001,920.0,859.0,91.88
OH,2002,859.0,803.0,91.29
OH,2003,756.0,721.0,95.56
OH,2004,846.0,807.0,93.19
OH,2005,673.0,633.0,93.85
OH,2006,570.0,543.0,94.79
OH,2007,290.0,263.0,91.06
OH,2008,300.0,284.0,95.1
OH,2009,280.0,254.0,89.93
OH,2010,243.0,228.0,93.94
OH,2011,250.0,241.0,93.65
OH,2012,292.0,269.0,91.42
OH,2013,249.0,216.0,86.82
OH,2014,231.0,218.0,95.57
OH,2015,219.0,199.0,89.19
OH,2016,221.0,197.0,87.51
OH,2017,279.0,250.0,89.95
OH,2018,282.0,263.0,93.83
OH,2019,266.0,236.0,82.72
OH,2020,335.0,310.0,90.97
OH,2021,442.0,422.0,94.85
OH,2022,424.0,398.0,92.89
OH,2023,481.0,448.0,91.98
OH,2024,365.0,345.0,94.63
OK,1995,223.0,199.0,86.73
OK,1996,238.0,216.0,88.4
OK,1997,291.0,260.0,87.67
OK,1998,36.0,34.0,88.66
OK,1999,295.0,266.0,88.8
OK,2000,301.0,272.0,89.61
OK,2001,315.0,296.0,93.75
OK,2002,268.0,236.0,86.43
OK,2003,268.0,243.0,88.04
OK,2004,314.0,291.0,90.61
OK,2005,279.0,252.0,90.32
OK,2006,303.0,287.0,94.68
OK,2007,270.0,249.0,91.19
OK,2008,261.0,244.0,92.34
OK,2009,306.0,285.0,94.2
OK,2010,326.0,303.0,91.25
OK,2011,279.0,261.0,95.4
OK,2012,282.0,257.0,91.08
OK,2013,301.0,271.0,90.09
OK,2014,247.0,230.0,91.98
OK,2015,220.0,209.0,93.9
OK,2016,216.0,193.0,89.75
OK,2017,219.0,197.0,92.0
OK,2018,329.0,302.0,92.71
OK,2019,302.0,270.0,90.32
OK,2020,190.0,169.0,91.11
OK,2021,192.0,175.0,90.6
OK,2022,257.0,234.0,88.62
OK,2023,271.0,248.0,91.84
OK,2024,211.0,190.0,90.3
OR,1995,216.0,192.0,87.97
OR,1996,299.0,263.0,86.51
OR,1997,318.0,286.0,88.35
OR,1998,32.0,29.0,92.31
OR,1999,278.0,246.0,86.56
OR,2000,292.0,264.0,91.15
OR,2001,286.0,261.0,89.72
OR,2002,283.0,251.0,87.52
OR,2003,262.0,243.0,92.61
OR,2004,279.0,263.0,94.19
OR,2005,203.0,172.0,84.65
OR,2006,220.0,196.0,89.87
OR,2007,214.0,193.0,90.05
OR,2008,224.0,205.0,92.49
OR,2009,316.0,282.0,88.82
OR,2010,273.0,253.0,93.15
OR,2011,268.0,235.0,90.95
OR,2012,296.0,259.0,88.14
OR,2013,275.0,247.0,89.66
OR,2014,239.0,207.0,85.13
OR,2015,192.0,181.0,95.89
OR,2016,256.0,227.0,88.46
OR,2017,254.0,231.0,91.36
OR,2018,192.0,178.0,95.03
OR,2019,161.0,146.0,92.65
OR,2020,299.0,285.0,95.16
OR,2021,284.0,269.0,94.34
OR,2022,215.0,199.0,91.96
OR,2023,220.0,198.0,90.56
OR,2024,277.0,266.0,96.7
PA,1995,376.0,347.0,92.21
PA,1996,520.0,477.0,91.37
PA,1997,549.0,510.0,92.19
PA,1998,76.0,71.0,92.22
PA,1999,565.0,539.0,94.87
PA,2000,596.0,553.0,92.0
PA,2001,564.0,527.0,95.77
PA,2002,486.0,456.0,92.79
PA,2003,586.0,561.0,94.1
PA,2004,572.0,545.0,95.33
PA,2005,399.0,380.0,94.6
PA,2006,754.0,718.0,95.81
PA,2007,552.0,522.0,94.58
PA,2008,609.0,576.0,94.14
PA,2009,509.0,473.0,91.62
PA,2010,562.0,527.0,93.29
PA,2011,581.0,541.0,92.68
PA,2012,594.0,551.0,88.05
PA,2013,585.0,558.0,94.8
PA,2014,644.0,609.0,93.05
PA,2015,575.0,536.0,91.82
PA,2016,567.0,537.0,93.52
PA,2017,543.0,506.0,91.77
PA,2018,548.0,520.0,95.32
PA,2019,500.0,467.0,94.74
PA,2020,644.0,617.0,95.77
PA,2021,677.0,644.0,96.48
PA,2022,668.0,619.0,91.19
PA,2023,706.0,651.0,91.1
PA,2024,544.0,506.0,92.26
RI,1995,225.0,217.0,95.41
RI,1996,291.0,280.0,96.05
RI,1997,310.0,297.0,95.77
RI,1998,40.0,40.0,100.0
RI,1999,255.0,245.0,95.78
RI,2000,341.0,320.0,93.07
RI,2001,364.0,350.0,95.39
RI,2002,269.0,261.0,96.54
RI,2003,232.0,218.0,93.58
RI,2004,284.0,273.0,95.65
RI,2005,267.0,260.0,97.83
RI,2006,303.0,295.0,97.11
RI,2007,238.0,231.0,96.96
RI,2008,224.0,211.0,94.67
RI,2009,307.0,285.0,92.04
RI,2010,231.0,221.0,96.79
RI,2011,340.0,326.0,96.94
RI,2012,293.0,281.0,96.16
RI,2013,207.0,198.0,96.36
RI,2014,207.0,198.0,94.99
RI,2015,272.0,261.0,95.31
RI,2016,239.0,227.0,95.42
RI,2017,249.0,238.0,95.63
RI,2018,249.0,241.0,97.52
RI,2019,249.0,235.0,94.92
RI,2020,200.0,194.0,94.84
RI,2021,247.0,244.0,98.31
RI,2022,327.0,319.0,97.83
RI,2023,368.0,354.0,96.08
RI,2024,298.0,288.0,95.91
SC,1995,224.0,203.0,87.85
SC,1996,275.0,261.0,94.8
SC,1997,311.0,285.0,90.56
SC,1998,38.0,34.0,90.16
SC,1999,333.0,307.0,91.36
SC,2000,309.0,288.0,92.13
SC,2001,296.0,281.0,94.97
SC,2002,261.0,247.0,92.63
SC,2003,256.0,235.0,91.85
SC,2004,251.0,235.0,92.02
SC,2005,276.0,251.0,89.12
SC,2006,330.0,316.0,94.55
SC,2007,364.0,342.0,93.08
SC,2008,345.0,312.0,89.37
SC,2009,257.0,234.0,89.19
SC,2010,300.0,274.0,91.95
SC,2011,230.0,209.0,91.96
SC,2012,299.0,277.0,93.88
SC,2013,207.0,188.0,90.9
SC,2014,249.0,230.0,90.82
SC,2015,259.0,239.0,90.53
SC,2016,282.0,262.0,93.53
SC,2017,238.0,214.0,89.12
SC,2018,296.0,270.0,92.13
SC,2019,287.0,262.0,92.78
SC,2020,264.0,246.0,92.11
SC,2021,235.0,221.0,94.35
SC,2022,266.0,243.0,91.47
SC,2023,264.0,244.0,91.67
SC,2024,277.0,261.0,94.65
SD,1995,256.0,231.0,88.18
SD,1996,300.0,282.0,93.16
SD,1997,318.0,292.0,89.94
SD,1998,55.0,53.0,96.37
SD,1999,327.0,300.0,93.04
SD,2000,302.0,279.0,91.66
SD,2001,265.0,249.0,93.71
SD,2002,282.0,271.0,95.51
SD,2003,256.0,236.0,91.34
SD,2004,266.0,255.0,95.6
SD,2005,262.0,246.0,94.64
SD,2006,296.0,282.0,95.31
SD,2007,247.0,231.0,95.99
SD,2008,305.0,289.0,93.97
SD,2009,230.0,214.0,93.08
SD,2010,285.0,265.0,93.27
SD,2011,218.0,205.0,90.9
SD,2012,275.0,253.0,93.34
SD,2013,189.0,178.0,94.08
SD,2014,199.0,188.0,95.58
SD,2015,219.0,205.0,92.41
SD,2016,262.0,245.0,93.63
SD,2017,244.0,220.0,90.1
SD,2018,209.0,191.0,90.45
SD,2019,240.0,222.0,93.74
SD,2020,471.0,453.0,95.01
SD,2021,327.0,303.0,92.59
SD,2022,284.0,262.0,89.85
SD,2023,296.0,272.0,92.38
SD,2024,230.0,211.0,92.88
TN,1995,660.0,589.0,88.15
TN,1996,827.0,742.0,89.69
TN,1997,881.0,801.0,90.51
TN,1998,105.0,102.0,95.48
TN,1999,865.0,776.0,89.99
TN,2000,854.0,780.0,90.63
TN,2001,916.0,850.0,94.19
TN,2002,826.0,756.0,92.6
TN,2003,892.0,844.0,94.65
TN,2004,818.0,759.0,91.69
TN,2005,713.0,666.0,92.47
TN,2006,543.0,504.0,93.67
TN,2007,271.0,260.0,94.53
TN,2008,335.0,321.0,96.03
TN,2009,339.0,319.0,95.38
TN,2010,277.0,263.0,95.48
TN,2011,262.0,241.0,92.46
TN,2012,303.0,281.0,92.79
TN,2013,260.0,245.0,92.97
TN,2014,273.0,255.0,95.76
TN,2015,210.0,194.0,91.28
TN,2016,237.0,209.0,87.58
TN,2017,272.0,257.0,92.93
TN,2018,228.0,205.0,91.67
TN,2019,179.0,168.0,92.77
TN,2020,440.0,409.0,94.35
TN,2021,408.0,387.0,93.4
TN,2022,347.0,337.0,95.11
TN,2023,365.0,343.0,93.81
TN,2024,330.0,304.0,93.73
TX,1995,962.0,848.0,88.72
TX,1996,1184.0,1044.0,88.75
TX,1997,1322.0,1166.0,88.2
TX,1998,175.0,154.0,87.25
TX,1999,1407.0,1248.0,88.22
TX,2000,1596.0,1398.0,87.25
TX,2001,1594.0,1414.0,90.43
TX,2002,1345.0,1220.0,87.8
TX,2003,1417.0,1300.0,91.39
TX,2004,1454.0,1325.0,89.19
TX,2005,1199.0,1098.0,90.41
TX,2006,1422.0,1315.0,93.0
TX,2007,1432.0,1311.0,90.94
TX,2008,1377.0,1291.0,94.04
TX,2009,1266.0,1139.0,90.29
TX,2010,1379.0,1271.0,91.98
TX,2011,1431.0,1342.0,93.95
TX,2012,1736.0,1588.0,90.74
TX,2013,1045.0,974.0,94.32
TX,2014,1299.0,1212.0,91.5
TX,2015,1500.0,1400.0,93.42
TX,2016,1305.0,1213.0,91.07
TX,2017,1545.0,1438.0,92.16
TX,2018,1747.0,1624.0,92.17
TX,2019,1397.0,1281.0,89.7
TX,2020,988.0,911.0,93.07
TX,2021,1038.0,949.0,90.78
TX,2022,793.0,718.0,91.63
TX,2023,742.0,663.0,93.91
TX,2024,928.0,846.0,90.11
UT,1995,258.0,223.0,84.96
UT,1996,290.0,254.0,87.44
UT,1997,315.0,277.0,86.05
UT,1998,44.0,39.0,87.0
UT,1999,298.0,279.0,92.3
UT,2000,294.0,263.0,89.68
UT,2001,302.0,272.0,89.1
UT,2002,274.0,258.0,94.02
UT,2003,269.0,243.0,88.58
UT,2004,297.0,266.0,89.85
UT,2005,204.0,188.0,91.41
UT,2006,226.0,210.0,92.41
UT,2007,309.0,280.0,91.34
UT,2008,232.0,214.0,91.42
UT,2009,289.0,266.0,91.76
UT,2010,348.0,307.0,87.43
UT,2011,320.0,290.0,91.67
UT,2012,271.0,240.0,87.52
UT,2013,249.0,230.0,93.66
UT,2014,263.0,232.0,85.64
UT,2015,247.0,228.0,89.65
UT,2016,252.0,232.0,88.63
UT,2017,249.0,220.0,89.45
UT,2018,277.0,255.0,92.6
UT,2019,256.0,234.0,91.42
UT,2020,210.0,196.0,94.95
UT,2021,384.0,368.0,95.7
UT,2022,335.0,322.0,96.92
UT,2023,338.0,307.0,91.89
UT,2024,249.0,230.0,92.58
VA,1995,215.0,191.0,83.72
VA,1996,280.0,248.0,88.01
VA,1997,310.0,280.0,89.49
VA,1998,45.0,40.0,88.23
VA,1999,272.0,249.0,89.37
VA,2000,273.0,252.0,91.29
VA,2001,243.0,223.0,91.01
VA,2002,272.0,248.0,90.28
VA,2003,280.0,266.0,92.88
VA,2004,273.0,262.0,96.7
VA,2005,266.0,251.0,93.82
VA,2006,280.0,268.0,94.27
VA,2007,342.0,316.0,91.63
VA,2008,225.0,211.0,93.22
VA,2009,278.0,252.0,87.04
VA,2010,382.0,355.0,92.9
VA,2011,336.0,311.0,89.59
VA,2012,294.0,280.0,95.48
VA,2013,274.0,253.0,90.46
VA,2014,286.0,270.0,92.92
VA,2015,373.0,346.0,85.82
VA,2016,368.0,348.0,91.44
VA,2017,356.0,344.0,97.82
VA,2018,384.0,366.0,93.8
VA,2019,358.0,338.0,93.9
VA,2020,525.0,497.0,93.37
VA,2021,520.0,503.0,95.27
VA,2022,504.0,473.0,93.75
VA,2023,483.0,442.0,88.53
VA,2024,368.0,349.0,94.45
VT,1995,225.0,217.0,96.42
VT,1996,328.0,310.0,93.67
VT,1997,341.0,325.0,95.28
VT,1998,44.0,43.0,97.75
VT,1999,315.0,312.0,99.38
VT,2000,317.0,298.0,93.1
VT,2001,331.0,316.0,95.61
VT,2002,284.0,269.0,95.46
VT,2003,288.0,275.0,96.42
VT,2004,290.0,275.0,94.37
VT,2005,173.0,164.0,95.01
VT,2006,222.0,208.0,95.97
VT,2007,210.0,199.0,93.77
VT,2008,232.0,208.0,90.75
VT,2009,331.0,304.0,92.64
VT,2010,235.0,215.0,93.14
VT,2011,249.0,232.0,95.27
VT,2012,257.0,236.0,91.93
VT,2013,280.0,256.0,91.81
VT,2014,246.0,227.0,93.38
VT,2015,262.0,249.0,95.51
VT,2016,287.0,274.0,95.58
VT,2017,251.0,238.0,94.65
VT,2018,232.0,213.0,92.57
VT,2019,318.0,304.0,95.06
VT,2020,351.0,335.0,95.54
VT,2021,323.0,310.0,95.63
VT,2022,317.0,306.0,94.82
VT,2023,326.0,313.0,96.09
VT,2024,270.0,267.0,99.43
WA,1995,451.0,412.0,89.73
WA,1996,553.0,517.0,91.71
WA,1997,619.0,569.0,91.21
WA,1998,62.0,59.0,94.24
WA,1999,616.0,557.0,89.47
WA,2000,570.0,509.0,90.23
WA,2001,592.0,539.0,89.55
WA,2002,548.0,499.0,89.84
WA,2003,580.0,549.0,93.54
WA,2004,548.0,511.0,92.3
WA,2005,397.0,364.0,91.1
WA,2006,666.0,607.0,88.84
WA,2007,447.0,414.0,92.25
WA,2008,430.0,391.0,92.27
WA,2009,472.0,423.0,91.29
WA,2010,427.0,386.0,90.7
WA,2011,258.0,234.0,90.79
WA,2012,256.0,228.0,86.44
WA,2013,222.0,207.0,94.23
WA,2014,238.0,215.0,87.26
WA,2015,309.0,291.0,95.28
WA,2016,320.0,300.0,93.15
WA,2017,272.0,245.0,89.28
WA,2018,240.0,219.0,93.44
WA,2019,389.0,360.0,93.55
WA,2020,560.0,535.0,95.48
WA,2021,478.0,451.0,94.06
WA,2022,394.0,374.0,92.74
WA,2023,462.0,429.0,92.74
WA,2024,346.0,326.0,95.03
WI,1995,461.0,431.0,92.79
WI,1996,570.0,520.0,90.2
WI,1997,646.0,600.0,91.57
WI,1998,77.0,71.0,92.81
WI,1999,550.0,520.0,94.48
WI,2000,556.0,501.0,90.97
WI,2001,601.0,553.0,92.65
WI,2002,552.0,515.0,93.36
WI,2003,516.0,494.0,94.34
WI,2004,549.0,512.0,93.61
WI,2005,417.0,392.0,93.79
WI,2006,495.0,468.0,95.31
WI,2007,253.0,238.0,93.08
WI,2008,222.0,214.0,95.56
WI,2009,317.0,302.0,95.78
WI,2010,296.0,275.0,93.2
WI,2011,271.0,251.0,92.46
WI,2012,277.0,256.0,90.3
WI,2013,221.0,208.0,93.18
WI,2014,240.0,225.0,93.17
WI,2015,245.0,229.0,93.53
WI,2016,221.0,203.0,91.42
WI,2017,218.0,202.0,90.71
WI,2018,307.0,294.0,96.76
WI,2019,259.0,231.0,88.09
WI,2020,188.0,176.0,91.0
WI,2021,245.0,228.0,90.59
WI,2022,278.0,264.0,95.45
WI,2023,318.0,291.0,89.65
WI,2024,280.0,255.0,91.91
WV,1995,233.0,216.0,90.42
WV,1996,272.0,240.0,87.56
WV,1997,319.0,295.0,91.46
WV,1998,43.0,42.0,97.85
WV,1999,294.0,276.0,93.31
WV,2000,276.0,254.0,92.36
WV,2001,287.0,270.0,93.78
WV,2002,256.0,237.0,93.62
WV,2003,228.0,209.0,88.72
WV,2004,308.0,291.0,94.55
WV,2005,223.0,195.0,87.92
WV,2006,248.0,234.0,92.7
WV,2007,282.0,269.0,96.19
WV,2008,300.0,276.0,90.35
WV,2009,212.0,196.0,91.26
WV,2010,304.0,281.0,92.2
WV,2011,338.0,297.0,87.36
WV,2012,250.0,213.0,84.56
WV,2013,213.0,184.0,86.02
WV,2014,259.0,237.0,89.08
WV,2015,241.0,217.0,87.89
WV,2016,235.0,212.0,89.64
WV,2017,298.0,267.0,89.99
WV,2018,298.0,271.0,89.77
WV,2019,280.0,251.0,91.23
WV,2020,231.0,214.0,91.05
WV,2021,210.0,196.0,93.07
WV,2022,260.0,237.0,90.72
WV,2023,261.0,243.0,92.22
WV,2024,311.0,298.0,96.04
WY,1995,223.0,205.0,92.17
WY,1996,297.0,265.0,87.58
WY,1997,345.0,299.0,85.63
WY,1998,42.0,37.0,87.77
WY,1999,309.0,288.0,92.62
WY,2000,326.0,299.0,91.42
WY,2001,286.0,265.0,91.82
WY,2002,268.0,242.0,89.73
WY,2003,270.0,244.0,90.81
WY,2004,279.0,259.0,93.0
WY,2005,204.0,186.0,90.89
WY,2006,283.0,254.0,88.25
WY,2007,250.0,223.0,88.15
WY,2008,259.0,231.0,89.04
WY,2009,269.0,249.0,93.77
WY,2010,243.0,227.0,94.19
WY,2011,258.0,234.0,91.25
WY,2012,257.0,231.0,91.53
WY,2013,196.0,176.0,89.37
WY,2014,218.0,196.0,90.55
WY,2015,219.0,203.0,94.21
WY,2016,250.0,221.0,89.27
WY,2017,267.0,238.0,90.24
WY,2018,241.0,215.0,89.24
WY,2019,271.0,242.0,91.95
WY,2020,318.0,294.0,92.82
WY,2021,242.0,229.0,93.84
WY,2022,275.0,252.0,89.92
WY,2023,324.0,298.0,93.19
WY,2024,268.0,234.0,85.16
