state,year,measles_coverage_pct,measles_n,measles_n_vaccinated,mumps_coverage_pct,mumps_n,mumps_n_vaccinated,pertussis_coverage_pct,pertussis_n,pertussis_n_vaccinated
AK,1995,89.86,194.0,177.0,89.86,194.0,177.0,77.58,194.0,159.0
AK,1996,84.55,260.0,225.0,84.55,260.0,225.0,78.25,260.0,210.0
AK,1997,87.41,291.0,257.0,87.41,291.0,257.0,80.98,291.0,242.0
AK,1998,87.06,34.0,30.0,87.06,34.0,30.0,82.01,34.0,28.0
AK,1999,90.67,349.0,321.0,90.67,349.0,321.0,83.54,349.0,296.0
AK,2000,88.81,292.0,259.0,88.81,292.0,259.0,80.64,292.0,240.0
AK,2001,88.17,289.0,257.0,87.77,289.0,256.0,77.0,289.0,228.0
AK,2002,89.14,262.0,234.0,88.74,262.0,233.0,82.28,262.0,215.0
AK,2003,90.75,278.0,252.0,90.75,278.0,252.0,83.87,278.0,230.0
AK,2004,89.73,299.0,273.0,89.73,299.0,273.0,79.88,299.0,252.0
AK,2005,91.34,186.0,170.0,90.75,186.0,169.0,84.65,186.0,157.0
AK,2006,86.74,240.0,213.0,85.71,240.0,210.0,77.08,240.0,193.0
AK,2007,89.73,222.0,196.0,89.73,222.0,196.0,81.7,222.0,181.0
AK,2008,88.65,250.0,221.0,88.43,250.0,220.0,79.2,250.0,198.0
AK,2009,85.19,192.0,164.0,85.19,192.0,164.0,74.41,192.0,142.0
AK,2010,88.56,269.0,232.0,88.43,269.0,231.0,79.1,269.0,212.0
AK,2011,88.84,248.0,219.0,88.84,248.0,219.0,77.74,248.0,191.0
AK,2012,86.67,298.0,259.0,86.22,298.0,258.0,79.36,298.0,239.0
AK,2013,90.63,299.0,264.0,90.46,299.0,263.0,75.53,299.0,227.0
AK,2014,90.15,276.0,248.0,90.15,276.0,248.0,78.65,276.0,219.0
AK,2015,89.7,295.0,262.0,89.7,295.0,262.0,79.72,295.0,231.0
AK,2016,85.83,288.0,253.0,85.63,288.0,252.0,79.01,288.0,229.0
AK,2017,89.56,251.0,221.0,89.33,251.0,220.0,75.09,251.0,188.0
AK,2018,85.11,228.0,191.0,85.11,228.0,191.0,78.09,228.0,175.0
AK,2019,85.79,240.0,204.0,85.09,240.0,203.0,72.27,240.0,180.0
AK,2020,90.79,278.0,252.0,90.48,278.0,251.0,79.47,278.0,225.0
AK,2021,88.6,285.0,257.0,87.09,285.0,254.0,78.57,285.0,227.0
AK,2022,86.42,285.0,254.0,86.25,285.0,252.0,78.43,285.0,233.0
AK,2023,84.81,322.0,287.0,84.81,322.0,287.0,75.24,322.0,262.0
AK,2024,85.43,214.0,192.0,85.43,214.0,192.0,71.49,214.0,168.0
AL,1995,88.77,419.0,386.0,88.77,419.0,386.0,78.93,419.0,357.0
AL,1996,90.63,573.0,532.0,90.63,573.0,532.0,78.24,573.0,476.0
AL,1997,93.8,588.0,552.0,93.8,588.0,552.0,89.91,588.0,519.0
AL,1998,90.55,69.0,62.0,90.55,69.0,62.0,91.87,69.0,62.0
AL,1999,90.05,566.0,523.0,90.05,566.0,523.0,83.89,566.0,492.0
AL,2000,88.14,578.0,515.0,87.78,578.0,514.0,84.23,578.0,498.0
AL,2001,94.31,591.0,558.0,93.98,591.0,557.0,86.82,591.0,519.0
AL,2002,91.59,525.0,483.0,91.59,525.0,483.0,86.53,525.0,458.0
AL,2003,91.23,532.0,497.0,91.23,532.0,497.0,85.49,532.0,473.0
AL,2004,91.99,515.0,485.0,91.78,515.0,484.0,85.75,515.0,463.0
AL,2005,95.48,419.0,398.0,94.08,419.0,390.0,89.65,419.0,375.0
AL,2006,95.2,269.0,261.0,94.03,269.0,259.0,86.0,269.0,244.0
AL,2007,95.2,254.0,242.0,94.97,254.0,241.0,85.45,254.0,223.0
AL,2008,94.17,339.0,323.0,93.6,339.0,321.0,83.14,339.0,292.0
AL,2009,96.04,249.0,238.0,95.37,249.0,236.0,85.34,249.0,220.0
AL,2010,96.21,336.0,321.0,95.38,336.0,318.0,89.83,336.0,302.0
AL,2011,94.35,362.0,340.0,93.76,362.0,338.0,88.84,362.0,326.0
AL,2012,94.32,265.0,247.0,93.13,265.0,245.0,84.81,265.0,229.0
AL,2013,90.64,166.0,152.0,89.73,166.0,151.0,83.98,166.0,143.0
AL,2014,91.97,237.0,224.0,91.97,237.0,224.0,84.1,237.0,208.0
AL,2015,95.46,272.0,260.0,95.2,272.0,259.0,82.2,272.0,234.0
AL,2016,92.73,249.0,235.0,91.05,249.0,231.0,83.06,249.0,215.0
AL,2017,92.53,295.0,273.0,92.29,295.0,272.0,81.43,295.0,250.0
AL,2018,95.94,303.0,282.0,94.36,303.0,277.0,89.3,303.0,267.0
AL,2019,93.77,278.0,258.0,92.94,278.0,256.0,80.98,278.0,233.0
AL,2020,94.35,215.0,199.0,94.35,215.0,199.0,83.29,215.0,183.0
AL,2021,96.27,254.0,245.0,96.27,254.0,245.0,84.44,254.0,220.0
AL,2022,94.91,229.0,217.0,92.54,229.0,214.0,88.23,229.0,202.0
AL,2023,88.58,253.0,232.0,88.43,253.0,231.0,80.67,253.0,215.0
AL,2024,90.6,287.0,263.0,90.6,287.0,263.0,81.09,287.0,240.0
AR,1995,90.43,237.0,218.0,90.43,237.0,218.0,77.24,237.0,190.0
AR,1996,85.55,264.0,232.0,85.55,264.0,232.0,75.01,264.0,209.0
AR,1997,92.88,333.0,309.0,92.32,333.0,307.0,83.23,333.0,277.0
AR,1998,85.0,53.0,46.0,85.0,53.0,46.0,68.77,53.0,37.0
AR,1999,86.91,290.0,262.0,86.91,290.0,262.0,79.93,290.0,241.0
AR,2000,88.44,297.0,263.0,88.44,297.0,263.0,74.65,297.0,227.0
AR,2001,90.38,391.0,355.0,90.3,391.0,354.0,77.15,391.0,309.0
AR,2002,92.79,286.0,262.0,92.79,286.0,262.0,76.4,286.0,213.0
AR,2003,90.61,253.0,231.0,90.61,253.0,231.0,81.89,253.0,205.0
AR,2004,94.59,270.0,256.0,94.59,270.0,256.0,85.83,270.0,242.0
AR,2005,90.95,174.0,162.0,88.96,174.0,160.0,73.76,174.0,137.0
AR,2006,88.94,207.0,190.0,85.79,207.0,184.0,77.95,207.0,172.0
AR,2007,92.68,347.0,317.0,92.51,347.0,316.0,78.82,347.0,283.0
AR,2008,93.07,347.0,327.0,92.17,347.0,325.0,81.4,347.0,290.0
AR,2009,83.68,298.0,257.0,81.76,298.0,251.0,73.08,298.0,228.0
AR,2010,90.56,341.0,306.0,90.47,341.0,305.0,82.6,341.0,279.0
AR,2011,92.92,288.0,263.0,92.32,288.0,262.0,80.77,288.0,240.0
AR,2012,92.45,274.0,253.0,92.26,274.0,252.0,79.79,274.0,228.0
AR,2013,89.6,188.0,171.0,88.33,188.0,169.0,74.27,188.0,146.0
AR,2014,91.29,245.0,219.0,89.06,245.0,217.0,80.0,245.0,200.0
AR,2015,90.22,229.0,211.0,90.22,229.0,211.0,76.45,229.0,183.0
AR,2016,92.72,229.0,211.0,92.06,229.0,208.0,80.29,229.0,187.0
AR,2017,92.63,258.0,237.0,92.63,258.0,237.0,80.05,258.0,212.0
AR,2018,93.85,244.0,227.0,93.4,244.0,226.0,81.88,244.0,199.0
AR,2019,93.57,376.0,347.0,93.38,376.0,345.0,83.08,376.0,313.0
AR,2020,89.33,390.0,358.0,88.88,390.0,357.0,75.12,390.0,309.0
AR,2021,89.75,413.0,380.0,89.75,413.0,380.0,77.37,413.0,342.0
AR,2022,92.28,291.0,270.0,92.17,291.0,269.0,81.51,291.0,239.0
AR,2023,91.45,332.0,306.0,90.85,332.0,303.0,82.46,332.0,280.0
AR,2024,92.79,264.0,244.0,92.08,264.0,242.0,82.54,264.0,219.0
AZ,1995,82.29,372.0,319.0,82.29,372.0,319.0,74.52,372.0,296.0
AZ,1996,84.84,514.0,451.0,84.84,514.0,451.0,73.98,514.0,399.0
AZ,1997,88.0,559.0,494.0,88.0,559.0,494.0,77.57,559.0,443.0
AZ,1998,85.34,66.0,57.0,85.34,66.0,57.0,70.7,66.0,48.0
AZ,1999,87.45,564.0,509.0,87.39,564.0,508.0,76.54,564.0,463.0
AZ,2000,87.65,590.0,526.0,87.65,590.0,526.0,78.98,590.0,486.0
AZ,2001,88.83,590.0,528.0,88.69,590.0,527.0,77.91,590.0,470.0
AZ,2002,88.94,558.0,494.0,88.94,558.0,494.0,74.84,558.0,427.0
AZ,2003,91.55,612.0,563.0,91.55,612.0,563.0,81.7,612.0,508.0
AZ,2004,93.1,603.0,565.0,92.92,603.0,564.0,83.57,603.0,516.0
AZ,2005,91.89,432.0,397.0,88.8,432.0,384.0,83.12,432.0,358.0
AZ,2006,89.22,518.0,469.0,87.72,518.0,463.0,80.19,518.0,428.0
AZ,2007,91.22,275.0,252.0,89.0,275.0,247.0,85.4,275.0,238.0
AZ,2008,94.74,275.0,263.0,92.22,275.0,258.0,84.64,275.0,241.0
AZ,2009,92.08,317.0,289.0,90.78,317.0,284.0,83.73,317.0,265.0
AZ,2010,88.76,299.0,267.0,87.73,299.0,265.0,83.73,299.0,257.0
AZ,2011,88.37,248.0,216.0,88.09,248.0,215.0,86.5,248.0,216.0
AZ,2012,89.43,272.0,247.0,88.26,272.0,245.0,82.74,272.0,232.0
AZ,2013,92.02,254.0,229.0,91.4,254.0,227.0,76.58,254.0,201.0
AZ,2014,85.97,292.0,256.0,84.07,292.0,254.0,81.37,292.0,240.0
AZ,2015,91.7,266.0,243.0,90.63,266.0,239.0,83.72,266.0,228.0
AZ,2016,89.92,230.0,207.0,87.67,230.0,201.0,78.32,230.0,185.0
AZ,2017,93.59,265.0,244.0,91.72,265.0,240.0,82.2,265.0,221.0
AZ,2018,89.17,255.0,231.0,87.49,255.0,227.0,80.02,255.0,211.0
AZ,2019,95.17,260.0,245.0,94.63,260.0,244.0,83.13,260.0,214.0
AZ,2020,94.39,303.0,288.0,93.82,303.0,284.0,88.04,303.0,269.0
AZ,2021,92.09,234.0,218.0,91.29,234.0,215.0,77.83,234.0,194.0
AZ,2022,90.64,278.0,258.0,89.88,278.0,257.0,81.28,278.0,230.0
AZ,2023,91.64,251.0,228.0,89.35,251.0,222.0,82.59,251.0,208.0
AZ,2024,93.42,272.0,252.0,90.05,272.0,250.0,85.89,272.0,236.0
CA,1995,90.32,681.0,627.0,90.32,681.0,627.0,76.76,681.0,542.0
CA,1996,90.73,1052.0,965.0,90.73,1052.0,965.0,78.57,1052.0,864.0
CA,1997,89.4,1097.0,1005.0,88.77,1097.0,1003.0,78.96,1097.0,900.0
CA,1998,92.59,119.0,111.0,90.33,119.0,110.0,81.59,119.0,99.0
CA,1999,93.02,1125.0,1053.0,92.76,1125.0,1051.0,81.35,1125.0,946.0
CA,2000,90.89,1231.0,1133.0,90.83,1231.0,1132.0,82.46,1231.0,1020.0
CA,2001,91.6,1261.0,1175.0,91.34,1261.0,1171.0,79.81,1261.0,1048.0
CA,2002,91.07,1101.0,1022.0,90.38,1101.0,1010.0,81.38,1101.0,932.0
CA,2003,93.43,1074.0,1019.0,92.8,1074.0,1013.0,84.03,1074.0,934.0
CA,2004,93.91,1144.0,1068.0,93.14,1144.0,1063.0,85.29,1144.0,992.0
CA,2005,93.73,816.0,755.0,91.59,816.0,735.0,83.53,816.0,682.0
CA,2006,93.89,1548.0,1434.0,92.81,1548.0,1425.0,85.02,1548.0,1305.0
CA,2007,95.49,1000.0,937.0,94.6,1000.0,928.0,84.92,1000.0,836.0
CA,2008,94.31,950.0,876.0,92.72,950.0,861.0,86.81,950.0,809.0
CA,2009,91.47,386.0,354.0,89.78,386.0,346.0,83.35,386.0,329.0
CA,2010,92.5,411.0,377.0,91.38,411.0,373.0,79.73,411.0,342.0
CA,2011,93.4,280.0,251.0,90.9,280.0,248.0,88.12,280.0,242.0
CA,2012,91.88,316.0,286.0,91.54,316.0,285.0,81.63,316.0,263.0
CA,2013,90.66,283.0,263.0,90.66,283.0,263.0,83.09,283.0,242.0
CA,2014,92.79,300.0,279.0,90.45,300.0,273.0,87.32,300.0,259.0
CA,2015,93.78,345.0,322.0,92.8,345.0,318.0,85.24,345.0,294.0
CA,2016,90.93,328.0,300.0,89.34,328.0,298.0,79.26,328.0,270.0
CA,2017,93.02,324.0,307.0,92.92,324.0,303.0,83.88,324.0,283.0
CA,2018,91.99,296.0,269.0,91.99,296.0,269.0,83.22,296.0,245.0
CA,2019,86.67,292.0,266.0,86.6,292.0,263.0,80.16,292.0,251.0
CA,2020,94.43,623.0,587.0,91.42,623.0,579.0,86.69,623.0,539.0
CA,2021,91.75,553.0,518.0,91.75,553.0,517.0,84.09,553.0,480.0
CA,2022,95.48,438.0,417.0,94.77,438.0,414.0,83.99,438.0,378.0
CA,2023,87.65,405.0,359.0,87.33,405.0,354.0,75.4,405.0,324.0
CA,2024,90.67,348.0,316.0,90.12,348.0,314.0,84.1,348.0,291.0
CO,1995,88.62,214.0,193.0,88.62,214.0,193.0,79.08,214.0,173.0
CO,1996,89.67,260.0,236.0,89.4,260.0,235.0,84.45,260.0,220.0
CO,1997,94.13,287.0,274.0,94.13,287.0,274.0,80.4,287.0,235.0
CO,1998,91.76,27.0,25.0,91.76,27.0,25.0,76.69,27.0,21.0
CO,1999,90.39,319.0,294.0,90.39,319.0,294.0,80.84,319.0,267.0
CO,2000,87.44,336.0,296.0,87.19,336.0,295.0,80.04,336.0,274.0
CO,2001,92.3,368.0,340.0,92.09,368.0,339.0,81.69,368.0,300.0
CO,2002,90.73,255.0,232.0,90.73,255.0,232.0,66.21,255.0,175.0
CO,2003,85.64,281.0,248.0,85.64,281.0,248.0,73.13,281.0,218.0
CO,2004,91.02,298.0,272.0,90.79,298.0,271.0,82.26,298.0,251.0
CO,2005,93.78,394.0,367.0,93.19,394.0,364.0,87.72,394.0,346.0
CO,2006,90.25,219.0,197.0,88.25,219.0,195.0,84.69,219.0,187.0
CO,2007,91.82,212.0,194.0,91.25,212.0,191.0,82.1,212.0,178.0
CO,2008,92.42,305.0,284.0,92.29,305.0,283.0,86.47,305.0,265.0
CO,2009,83.93,337.0,295.0,83.63,337.0,293.0,81.77,337.0,279.0
CO,2010,89.97,353.0,310.0,89.34,353.0,307.0,86.01,353.0,297.0
CO,2011,91.25,369.0,324.0,90.33,369.0,321.0,85.68,369.0,311.0
CO,2012,93.43,266.0,247.0,91.47,266.0,243.0,82.84,266.0,226.0
CO,2013,87.1,267.0,233.0,85.96,267.0,230.0,81.21,267.0,218.0
CO,2014,87.83,320.0,295.0,87.44,320.0,293.0,85.35,320.0,276.0
CO,2015,93.81,246.0,227.0,93.57,246.0,226.0,86.07,246.0,209.0
CO,2016,90.61,238.0,215.0,88.9,238.0,211.0,84.3,238.0,205.0
CO,2017,87.92,264.0,234.0,87.16,264.0,232.0,79.86,264.0,216.0
CO,2018,93.81,245.0,229.0,93.81,245.0,229.0,85.58,245.0,212.0
CO,2019,96.04,240.0,228.0,96.04,240.0,228.0,90.55,240.0,213.0
CO,2020,91.26,280.0,263.0,90.85,280.0,262.0,84.04,280.0,238.0
CO,2021,90.92,258.0,239.0,90.74,258.0,238.0,81.29,258.0,219.0
CO,2022,93.78,308.0,290.0,92.91,308.0,287.0,85.53,308.0,265.0
CO,2023,88.67,291.0,260.0,87.62,291.0,258.0,80.47,291.0,237.0
CO,2024,93.32,294.0,276.0,93.32,294.0,276.0,86.43,294.0,256.0
CT,1995,94.31,216.0,205.0,94.31,216.0,205.0,89.79,216.0,198.0
CT,1996,96.68,253.0,246.0,96.68,253.0,246.0,90.23,253.0,233.0
CT,1997,93.72,308.0,288.0,93.72,308.0,288.0,92.03,308.0,282.0
CT,1998,94.13,46.0,43.0,94.13,46.0,43.0,94.21,46.0,43.0
CT,1999,95.82,291.0,281.0,95.4,291.0,280.0,92.99,291.0,272.0
CT,2000,95.88,280.0,269.0,95.88,280.0,269.0,90.5,280.0,253.0
CT,2001,93.95,285.0,269.0,93.95,285.0,269.0,89.89,285.0,257.0
CT,2002,95.62,289.0,278.0,95.34,289.0,277.0,87.12,289.0,258.0
CT,2003,98.61,279.0,274.0,98.44,279.0,273.0,95.48,279.0,265.0
CT,2004,95.05,237.0,229.0,95.05,237.0,229.0,92.24,237.0,224.0
CT,2005,96.14,212.0,202.0,95.23,212.0,200.0,89.62,212.0,189.0
CT,2006,97.12,274.0,264.0,96.5,274.0,261.0,91.4,274.0,255.0
CT,2007,96.08,252.0,242.0,95.25,252.0,238.0,91.05,252.0,232.0
CT,2008,96.66,227.0,219.0,95.28,227.0,216.0,88.21,227.0,196.0
CT,2009,94.88,229.0,212.0,93.66,229.0,208.0,87.55,229.0,201.0
CT,2010,98.03,247.0,239.0,97.78,247.0,238.0,90.94,247.0,226.0
CT,2011,94.96,352.0,335.0,94.26,352.0,333.0,86.76,352.0,314.0
CT,2012,94.96,281.0,265.0,94.76,281.0,264.0,91.3,281.0,258.0
CT,2013,91.39,213.0,202.0,91.39,213.0,202.0,87.99,213.0,192.0
CT,2014,93.91,237.0,223.0,93.2,237.0,221.0,86.02,237.0,206.0
CT,2015,99.61,250.0,248.0,97.46,250.0,244.0,90.77,250.0,229.0
CT,2016,95.91,267.0,258.0,94.48,267.0,256.0,86.2,267.0,239.0
CT,2017,96.13,266.0,255.0,94.65,266.0,252.0,86.78,266.0,235.0
CT,2018,95.5,166.0,158.0,94.7,166.0,157.0,88.65,166.0,148.0
CT,2019,94.85,159.0,152.0,94.46,159.0,150.0,90.74,159.0,143.0
CT,2020,97.52,221.0,214.0,97.16,221.0,213.0,90.84,221.0,199.0
CT,2021,95.6,409.0,396.0,94.86,409.0,391.0,91.09,409.0,381.0
CT,2022,97.53,233.0,223.0,96.93,233.0,220.0,90.55,233.0,212.0
CT,2023,98.32,257.0,253.0,96.67,257.0,250.0,92.2,257.0,238.0
CT,2024,97.18,225.0,217.0,96.77,225.0,216.0,90.88,225.0,205.0
DC,1995,88.95,170.0,150.0,88.95,170.0,150.0,80.72,170.0,136.0
DC,1996,92.95,253.0,235.0,92.95,253.0,235.0,80.33,253.0,211.0
DC,1997,89.65,244.0,221.0,89.65,244.0,221.0,78.31,244.0,197.0
DC,1998,95.66,35.0,33.0,93.62,35.0,32.0,75.26,35.0,27.0
DC,1999,91.24,293.0,271.0,91.24,293.0,271.0,83.54,293.0,251.0
DC,2000,86.3,289.0,260.0,86.22,289.0,259.0,77.49,289.0,233.0
DC,2001,92.19,311.0,290.0,91.88,311.0,289.0,80.39,311.0,255.0
DC,2002,91.6,259.0,241.0,91.21,259.0,239.0,77.89,259.0,215.0
DC,2003,93.19,266.0,251.0,92.78,266.0,249.0,84.37,266.0,236.0
DC,2004,94.94,326.0,312.0,94.57,326.0,310.0,89.59,326.0,299.0
DC,2005,93.06,296.0,279.0,91.55,296.0,274.0,85.3,296.0,263.0
DC,2006,94.19,311.0,295.0,92.21,311.0,288.0,85.29,311.0,276.0
DC,2007,96.27,301.0,290.0,95.2,301.0,286.0,85.13,301.0,268.0
DC,2008,91.29,269.0,248.0,89.68,269.0,242.0,84.63,269.0,232.0
DC,2009,93.64,355.0,338.0,91.22,355.0,330.0,83.88,355.0,309.0
DC,2010,97.39,260.0,251.0,94.71,260.0,247.0,87.64,260.0,227.0
DC,2011,95.21,332.0,316.0,94.45,332.0,313.0,87.69,332.0,296.0
DC,2012,95.09,320.0,305.0,93.04,320.0,301.0,90.74,320.0,291.0
DC,2013,96.53,223.0,215.0,96.18,223.0,214.0,86.18,223.0,196.0
DC,2014,92.81,280.0,263.0,90.87,280.0,260.0,80.62,280.0,239.0
DC,2015,94.2,321.0,306.0,92.43,321.0,301.0,86.08,321.0,288.0
DC,2016,94.08,309.0,293.0,93.69,309.0,290.0,81.03,309.0,268.0
DC,2017,94.12,269.0,258.0,94.12,269.0,258.0,85.33,269.0,235.0
DC,2018,92.11,312.0,293.0,89.58,312.0,286.0,89.22,312.0,280.0
DC,2019,90.27,285.0,263.0,90.02,285.0,262.0,82.88,285.0,245.0
DC,2020,95.22,341.0,324.0,94.33,341.0,320.0,88.89,341.0,302.0
DC,2021,89.18,334.0,303.0,88.88,334.0,302.0,81.61,334.0,283.0
DC,2022,89.43,328.0,300.0,88.19,328.0,299.0,83.97,328.0,280.0
DC,2023,91.29,270.0,238.0,91.13,270.0,237.0,83.55,270.0,219.0
DC,2024,88.9,358.0,318.0,88.9,358.0,318.0,75.31,358.0,284.0
DE,1995,84.79,209.0,189.0,84.79,209.0,189.0,75.98,209.0,172.0
DE,1996,90.39,277.0,251.0,90.39,277.0,251.0,85.11,277.0,242.0
DE,1997,91.46,283.0,261.0,91.1,283.0,260.0,85.05,283.0,249.0
DE,1998,97.89,40.0,39.0,97.89,40.0,39.0,95.88,40.0,38.0
DE,1999,94.22,299.0,283.0,94.22,299.0,283.0,83.56,299.0,255.0
DE,2000,90.24,300.0,274.0,90.24,300.0,274.0,81.74,300.0,251.0
DE,2001,93.88,281.0,263.0,93.63,281.0,262.0,86.93,281.0,244.0
DE,2002,95.59,297.0,284.0,95.25,297.0,283.0,88.37,297.0,265.0
DE,2003,93.45,291.0,279.0,92.99,291.0,278.0,84.0,291.0,258.0
DE,2004,94.54,317.0,303.0,94.54,317.0,303.0,87.41,317.0,287.0
DE,2005,95.44,171.0,164.0,95.17,171.0,163.0,88.3,171.0,154.0
DE,2006,96.92,235.0,228.0,96.43,235.0,226.0,89.44,235.0,214.0
DE,2007,95.73,284.0,274.0,94.82,284.0,270.0,86.88,284.0,247.0
DE,2008,93.91,290.0,276.0,93.09,290.0,274.0,84.33,290.0,251.0
DE,2009,92.86,251.0,232.0,90.22,251.0,227.0,86.81,251.0,223.0
DE,2010,93.99,347.0,324.0,93.99,347.0,324.0,88.35,347.0,307.0
DE,2011,91.98,292.0,275.0,91.05,292.0,273.0,83.57,292.0,256.0
DE,2012,95.34,266.0,254.0,94.43,266.0,252.0,90.92,266.0,244.0
DE,2013,94.85,242.0,230.0,94.77,242.0,229.0,87.86,242.0,217.0
DE,2014,91.5,258.0,243.0,90.83,258.0,242.0,85.44,258.0,233.0
DE,2015,97.18,232.0,226.0,97.18,232.0,226.0,89.86,232.0,210.0
DE,2016,93.81,222.0,207.0,93.81,222.0,207.0,88.17,222.0,195.0
DE,2017,93.2,232.0,217.0,92.85,232.0,216.0,88.88,232.0,206.0
DE,2018,92.09,247.0,229.0,91.73,247.0,228.0,82.66,247.0,210.0
DE,2019,95.64,249.0,237.0,94.9,249.0,236.0,88.05,249.0,225.0
DE,2020,92.03,310.0,285.0,90.56,310.0,281.0,85.31,310.0,267.0
DE,2021,94.71,192.0,179.0,94.71,192.0,179.0,88.42,192.0,170.0
DE,2022,94.4,194.0,184.0,94.4,194.0,184.0,85.89,194.0,170.0
DE,2023,90.62,182.0,165.0,89.92,182.0,164.0,85.6,182.0,155.0
DE,2024,97.22,189.0,180.0,96.0,189.0,179.0,90.16,189.0,168.0
FL,1995,90.59,542.0,495.0,90.36,542.0,494.0,77.18,542.0,433.0
FL,1996,89.86,764.0,703.0,89.59,764.0,698.0,81.2,764.0,632.0
FL,1997,90.55,836.0,764.0,90.12,836.0,757.0,79.97,836.0,684.0
FL,1998,92.74,119.0,109.0,92.74,119.0,109.0,76.86,119.0,96.0
FL,1999,91.94,853.0,796.0,91.74,853.0,793.0,85.95,853.0,730.0
FL,2000,89.15,805.0,735.0,89.15,805.0,735.0,79.09,805.0,667.0
FL,2001,91.52,811.0,755.0,91.4,811.0,752.0,84.24,811.0,680.0
FL,2002,91.36,848.0,790.0,91.13,848.0,785.0,80.64,848.0,705.0
FL,2003,95.23,829.0,788.0,95.23,829.0,788.0,87.61,829.0,731.0
FL,2004,96.14,823.0,773.0,95.4,823.0,769.0,91.38,823.0,733.0
FL,2005,93.37,526.0,495.0,92.03,526.0,485.0,82.61,526.0,448.0
FL,2006,93.27,921.0,867.0,91.22,921.0,851.0,84.57,921.0,799.0
FL,2007,92.73,521.0,497.0,92.32,521.0,489.0,85.04,521.0,451.0
FL,2008,92.63,756.0,700.0,91.67,756.0,685.0,88.45,756.0,679.0
FL,2009,93.45,326.0,303.0,91.22,326.0,299.0,90.3,326.0,295.0
FL,2010,95.02,276.0,256.0,94.1,276.0,252.0,92.23,276.0,251.0
FL,2011,94.28,276.0,259.0,93.52,276.0,256.0,88.19,276.0,244.0
FL,2012,92.58,276.0,260.0,90.98,276.0,257.0,83.35,276.0,239.0
FL,2013,93.37,228.0,212.0,93.37,228.0,212.0,80.27,228.0,192.0
FL,2014,91.39,227.0,207.0,91.24,227.0,205.0,86.18,227.0,198.0
FL,2015,91.94,273.0,255.0,90.4,273.0,253.0,86.0,273.0,235.0
FL,2016,92.49,273.0,246.0,91.14,273.0,243.0,84.81,273.0,226.0
FL,2017,93.43,314.0,284.0,91.91,314.0,281.0,85.27,314.0,261.0
FL,2018,91.39,306.0,279.0,90.96,306.0,278.0,83.73,306.0,257.0
FL,2019,93.67,390.0,361.0,93.07,390.0,355.0,85.43,390.0,329.0
FL,2020,95.22,335.0,316.0,94.77,335.0,314.0,91.19,335.0,296.0
FL,2021,89.67,291.0,265.0,89.67,291.0,265.0,85.93,291.0,249.0
FL,2022,94.49,374.0,353.0,92.67,374.0,350.0,83.59,374.0,324.0
FL,2023,93.04,450.0,418.0,92.37,450.0,413.0,83.15,450.0,379.0
FL,2024,94.88,359.0,338.0,94.3,359.0,336.0,84.92,359.0,310.0
GA,1995,91.81,389.0,361.0,91.81,389.0,361.0,82.46,389.0,327.0
GA,1996,92.12,525.0,493.0,91.94,525.0,491.0,85.82,525.0,456.0
GA,1997,91.24,567.0,525.0,91.17,567.0,524.0,83.99,567.0,481.0
GA,1998,92.75,96.0,90.0,92.75,96.0,90.0,77.65,96.0,78.0
GA,1999,91.53,541.0,503.0,91.53,541.0,503.0,85.37,541.0,476.0
GA,2000,91.1,559.0,517.0,91.1,559.0,517.0,84.39,559.0,479.0
GA,2001,90.56,598.0,552.0,90.09,598.0,550.0,84.21,598.0,510.0
GA,2002,93.06,594.0,557.0,93.02,594.0,556.0,86.24,594.0,505.0
GA,2003,91.03,565.0,521.0,90.66,565.0,519.0,79.84,565.0,469.0
GA,2004,92.15,549.0,517.0,91.89,549.0,516.0,88.21,549.0,498.0
GA,2005,94.62,503.0,480.0,92.86,503.0,476.0,88.08,503.0,446.0
GA,2006,92.26,568.0,537.0,90.99,568.0,530.0,88.43,568.0,507.0
GA,2007,92.16,313.0,287.0,91.35,313.0,284.0,85.54,313.0,270.0
GA,2008,94.1,299.0,276.0,92.68,299.0,273.0,78.99,299.0,249.0
GA,2009,92.27,297.0,276.0,91.28,297.0,273.0,82.85,297.0,248.0
GA,2010,92.24,306.0,282.0,91.51,306.0,281.0,86.16,306.0,267.0
GA,2011,91.8,306.0,285.0,91.8,306.0,285.0,84.84,306.0,267.0
GA,2012,92.76,284.0,266.0,91.89,284.0,263.0,86.68,284.0,247.0
GA,2013,93.91,178.0,162.0,93.91,178.0,162.0,83.52,178.0,153.0
GA,2014,94.79,270.0,253.0,94.21,270.0,251.0,85.72,270.0,233.0
GA,2015,90.95,286.0,266.0,90.49,286.0,264.0,82.26,286.0,240.0
GA,2016,94.41,274.0,257.0,93.22,274.0,254.0,89.97,274.0,246.0
GA,2017,91.98,299.0,277.0,90.71,299.0,273.0,80.08,299.0,248.0
GA,2018,93.83,324.0,308.0,93.2,324.0,304.0,83.65,324.0,283.0
GA,2019,94.98,301.0,283.0,94.97,301.0,282.0,79.81,301.0,246.0
GA,2020,89.42,290.0,265.0,88.52,290.0,261.0,81.59,290.0,246.0
GA,2021,90.69,266.0,248.0,90.47,266.0,247.0,74.16,266.0,223.0
GA,2022,93.42,304.0,284.0,93.37,304.0,282.0,86.28,304.0,263.0
GA,2023,87.05,404.0,361.0,86.69,404.0,359.0,78.81,404.0,331.0
GA,2024,92.92,314.0,291.0,92.92,314.0,291.0,85.46,314.0,271.0
GU,2013,,0.0,0.0,,0.0,0.0,,0.0,0.0
HI,1995,94.36,188.0,175.0,94.36,188.0,175.0,83.97,188.0,156.0
HI,1996,92.93,253.0,238.0,92.93,253.0,238.0,82.69,253.0,215.0
HI,1997,91.16,265.0,246.0,90.37,265.0,245.0,82.07,265.0,223.0
HI,1998,97.97,42.0,41.0,97.97,42.0,41.0,90.23,42.0,38.0
HI,1999,94.48,299.0,283.0,94.1,299.0,282.0,86.57,299.0,258.0
HI,2000,93.74,275.0,260.0,93.74,275.0,260.0,80.38,275.0,228.0
HI,2001,91.02,278.0,252.0,90.57,278.0,251.0,77.21,278.0,220.0
HI,2002,96.36,292.0,282.0,96.36,292.0,282.0,83.04,292.0,248.0
HI,2003,93.7,293.0,274.0,93.58,293.0,273.0,86.06,293.0,251.0
HI,2004,94.68,322.0,304.0,94.68,322.0,304.0,85.65,322.0,277.0
HI,2005,92.35,195.0,182.0,89.7,195.0,176.0,84.52,195.0,168.0
HI,2006,90.7,230.0,205.0,89.89,230.0,202.0,84.51,230.0,190.0
HI,2007,95.62,214.0,200.0,93.78,214.0,198.0,90.62,214.0,187.0
HI,2008,95.12,238.0,224.0,94.8,238.0,223.0,81.5,238.0,198.0
HI,2009,90.04,221.0,196.0,86.65,221.0,190.0,79.98,221.0,176.0
HI,2010,94.71,323.0,305.0,93.2,323.0,300.0,85.91,323.0,282.0
HI,2011,91.81,270.0,250.0,91.61,270.0,249.0,88.71,270.0,235.0
HI,2012,95.24,266.0,251.0,95.03,266.0,250.0,87.89,266.0,233.0
HI,2013,92.95,243.0,223.0,92.8,243.0,222.0,83.67,243.0,205.0
HI,2014,92.94,250.0,231.0,92.51,250.0,229.0,82.4,250.0,207.0
HI,2015,95.44,261.0,247.0,94.66,261.0,246.0,83.2,261.0,220.0
HI,2016,91.81,266.0,240.0,91.81,266.0,240.0,85.02,266.0,224.0
HI,2017,90.51,236.0,212.0,90.51,236.0,212.0,82.34,236.0,193.0
HI,2018,88.47,230.0,203.0,88.47,230.0,203.0,82.16,230.0,188.0
HI,2019,88.75,210.0,189.0,88.27,210.0,187.0,79.91,210.0,171.0
HI,2020,88.91,263.0,236.0,88.31,263.0,235.0,81.23,263.0,219.0
HI,2021,90.1,271.0,240.0,88.05,271.0,236.0,78.78,271.0,219.0
HI,2022,91.97,220.0,195.0,90.52,220.0,193.0,84.05,220.0,180.0
HI,2023,89.52,218.0,194.0,89.13,218.0,193.0,83.62,218.0,183.0
HI,2024,90.71,232.0,207.0,90.45,232.0,206.0,85.7,232.0,197.0
IA,1995,91.23,274.0,252.0,91.23,274.0,252.0,84.8,274.0,238.0
IA,1996,92.43,301.0,280.0,92.43,301.0,280.0,84.55,301.0,259.0
IA,1997,89.77,337.0,303.0,89.77,337.0,303.0,84.51,337.0,286.0
IA,1998,89.93,36.0,33.0,89.93,36.0,33.0,80.39,36.0,30.0
IA,1999,91.52,304.0,280.0,91.13,304.0,279.0,86.07,304.0,264.0
IA,2000,92.67,278.0,259.0,92.67,278.0,259.0,87.31,278.0,246.0
IA,2001,89.22,292.0,263.0,89.22,292.0,263.0,84.01,292.0,249.0
IA,2002,92.65,283.0,264.0,92.31,283.0,263.0,83.27,283.0,241.0
IA,2003,91.56,264.0,243.0,91.11,264.0,242.0,85.38,264.0,228.0
IA,2004,92.91,263.0,248.0,92.91,263.0,248.0,88.59,263.0,236.0
IA,2005,92.78,206.0,192.0,91.65,206.0,190.0,87.17,206.0,183.0
IA,2006,93.58,226.0,213.0,90.33,226.0,208.0,88.29,226.0,202.0
IA,2007,93.65,266.0,252.0,93.04,266.0,250.0,83.0,266.0,230.0
IA,2008,91.38,262.0,243.0,91.38,262.0,243.0,84.2,262.0,225.0
IA,2009,94.57,266.0,253.0,93.16,266.0,248.0,88.86,266.0,238.0
IA,2010,93.78,252.0,238.0,93.78,252.0,238.0,84.6,252.0,216.0
IA,2011,88.96,282.0,255.0,88.72,282.0,254.0,86.68,282.0,251.0
IA,2012,93.43,304.0,283.0,93.31,304.0,282.0,88.18,304.0,266.0
IA,2013,94.86,214.0,200.0,94.49,214.0,199.0,89.59,214.0,185.0
IA,2014,91.1,197.0,182.0,91.1,197.0,182.0,87.38,197.0,171.0
IA,2015,95.68,279.0,264.0,95.46,279.0,263.0,88.89,279.0,247.0
IA,2016,96.19,298.0,286.0,96.19,298.0,286.0,85.51,298.0,257.0
IA,2017,91.87,226.0,208.0,91.49,226.0,207.0,83.9,226.0,193.0
IA,2018,90.69,207.0,192.0,90.69,207.0,192.0,84.78,207.0,184.0
IA,2019,96.33,203.0,193.0,95.75,203.0,192.0,86.79,203.0,175.0
IA,2020,97.77,271.0,262.0,97.77,271.0,262.0,86.41,271.0,238.0
IA,2021,96.49,228.0,222.0,96.49,228.0,222.0,91.57,228.0,213.0
IA,2022,93.35,271.0,257.0,92.28,271.0,254.0,84.26,271.0,237.0
IA,2023,95.04,301.0,289.0,93.1,301.0,287.0,83.82,301.0,261.0
IA,2024,97.55,262.0,253.0,97.55,262.0,253.0,89.85,262.0,239.0
ID,1995,87.55,224.0,197.0,87.55,224.0,197.0,68.32,224.0,155.0
ID,1996,83.4,319.0,271.0,83.4,319.0,271.0,70.03,319.0,229.0
ID,1997,87.98,327.0,295.0,87.98,327.0,295.0,74.0,327.0,251.0
ID,1998,98.3,45.0,44.0,98.3,45.0,44.0,92.89,45.0,41.0
ID,1999,86.11,311.0,271.0,86.11,311.0,271.0,74.97,311.0,239.0
ID,2000,88.0,326.0,289.0,88.0,326.0,289.0,77.54,326.0,258.0
ID,2001,88.56,327.0,295.0,88.56,327.0,295.0,76.41,327.0,257.0
ID,2002,87.16,297.0,263.0,86.89,297.0,262.0,78.46,297.0,238.0
ID,2003,92.85,253.0,236.0,92.85,253.0,236.0,85.82,253.0,216.0
ID,2004,91.66,293.0,271.0,91.66,293.0,271.0,85.26,293.0,255.0
ID,2005,88.14,227.0,202.0,86.55,227.0,200.0,83.11,227.0,189.0
ID,2006,89.12,222.0,201.0,87.96,222.0,199.0,82.44,222.0,189.0
ID,2007,87.41,183.0,157.0,86.11,183.0,155.0,77.21,183.0,139.0
ID,2008,86.92,282.0,251.0,86.13,282.0,249.0,77.6,282.0,224.0
ID,2009,90.1,207.0,184.0,88.12,207.0,179.0,83.97,207.0,173.0
ID,2010,87.98,271.0,240.0,87.21,271.0,239.0,77.9,271.0,210.0
ID,2011,89.05,248.0,221.0,88.25,248.0,220.0,75.13,248.0,191.0
ID,2012,93.31,289.0,260.0,93.31,289.0,260.0,76.65,289.0,219.0
ID,2013,91.11,233.0,213.0,91.11,233.0,213.0,84.23,233.0,196.0
ID,2014,89.75,235.0,214.0,89.75,235.0,214.0,77.7,235.0,188.0
ID,2015,91.83,209.0,189.0,91.22,209.0,188.0,80.96,209.0,172.0
ID,2016,88.98,225.0,201.0,88.58,225.0,199.0,83.94,225.0,189.0
ID,2017,92.25,198.0,182.0,92.25,198.0,182.0,82.33,198.0,166.0
ID,2018,93.97,202.0,188.0,93.35,202.0,187.0,82.41,202.0,165.0
ID,2019,91.39,190.0,168.0,91.1,190.0,167.0,75.53,190.0,147.0
ID,2020,93.25,677.0,645.0,92.73,677.0,642.0,85.18,677.0,597.0
ID,2021,92.92,364.0,344.0,92.48,364.0,343.0,86.0,364.0,319.0
ID,2022,91.41,278.0,257.0,90.77,278.0,255.0,83.07,278.0,236.0
ID,2023,88.27,274.0,249.0,87.92,274.0,248.0,74.23,274.0,223.0
ID,2024,92.6,252.0,231.0,92.6,252.0,231.0,84.84,252.0,212.0
IL,1995,90.33,379.0,350.0,90.33,379.0,350.0,81.61,379.0,315.0
IL,1996,89.54,512.0,460.0,89.49,512.0,459.0,78.63,512.0,412.0
IL,1997,89.01,533.0,479.0,89.01,533.0,479.0,80.31,533.0,436.0
IL,1998,95.25,58.0,54.0,95.25,58.0,54.0,88.08,58.0,50.0
IL,1999,91.92,564.0,514.0,91.43,564.0,513.0,82.0,564.0,468.0
IL,2000,91.51,615.0,562.0,91.51,615.0,562.0,80.77,615.0,505.0
IL,2001,89.56,602.0,541.0,89.02,602.0,539.0,81.19,602.0,490.0
IL,2002,94.43,562.0,529.0,94.43,562.0,529.0,84.4,562.0,474.0
IL,2003,93.64,538.0,508.0,93.64,538.0,508.0,87.06,538.0,474.0
IL,2004,95.21,574.0,546.0,94.98,574.0,544.0,88.47,574.0,517.0
IL,2005,93.5,434.0,399.0,93.04,434.0,396.0,88.66,434.0,383.0
IL,2006,92.17,540.0,508.0,89.18,540.0,498.0,84.08,540.0,474.0
IL,2007,93.74,598.0,555.0,93.11,598.0,551.0,81.55,598.0,498.0
IL,2008,91.67,969.0,889.0,90.99,969.0,873.0,82.25,969.0,822.0
IL,2009,89.7,631.0,583.0,88.24,631.0,570.0,83.95,631.0,536.0
IL,2010,91.95,657.0,603.0,90.5,657.0,589.0,85.34,657.0,569.0
IL,2011,93.45,701.0,651.0,91.68,701.0,642.0,87.18,701.0,625.0
IL,2012,92.49,571.0,520.0,91.56,571.0,516.0,85.29,571.0,490.0
IL,2013,91.96,495.0,457.0,91.43,495.0,454.0,82.75,495.0,424.0
IL,2014,94.84,583.0,547.0,93.16,583.0,542.0,87.75,583.0,519.0
IL,2015,92.31,559.0,516.0,91.57,559.0,509.0,84.99,559.0,486.0
IL,2016,96.25,494.0,475.0,94.37,494.0,469.0,85.28,494.0,431.0
IL,2017,92.67,473.0,441.0,91.91,473.0,437.0,84.35,473.0,412.0
IL,2018,94.15,474.0,447.0,93.49,474.0,444.0,86.9,474.0,417.0
IL,2019,95.35,456.0,432.0,94.53,456.0,428.0,88.04,456.0,401.0
IL,2020,92.35,581.0,543.0,91.97,581.0,540.0,80.78,581.0,494.0
IL,2021,91.49,530.0,492.0,90.7,530.0,488.0,85.74,530.0,467.0
IL,2022,92.61,604.0,564.0,92.21,604.0,561.0,87.35,604.0,536.0
IL,2023,93.82,543.0,515.0,93.47,543.0,512.0,81.03,543.0,459.0
IL,2024,94.0,494.0,465.0,93.85,494.0,464.0,87.13,494.0,433.0
IN,1995,88.44,407.0,367.0,88.44,407.0,367.0,76.24,407.0,329.0
IN,1996,85.54,566.0,501.0,85.54,566.0,501.0,77.39,566.0,452.0
IN,1997,88.46,605.0,544.0,88.46,605.0,544.0,77.25,605.0,495.0
IN,1998,94.36,63.0,57.0,94.36,63.0,57.0,83.77,63.0,53.0
IN,1999,89.84,528.0,484.0,89.08,528.0,481.0,77.51,528.0,431.0
IN,2000,87.66,514.0,458.0,87.66,514.0,458.0,82.04,514.0,419.0
IN,2001,91.09,559.0,511.0,91.09,559.0,511.0,78.41,559.0,451.0
IN,2002,91.42,587.0,541.0,91.07,587.0,538.0,81.74,587.0,487.0
IN,2003,92.6,534.0,502.0,92.53,534.0,501.0,83.17,534.0,459.0
IN,2004,91.52,514.0,479.0,91.52,514.0,479.0,82.98,514.0,438.0
IN,2005,91.86,212.0,200.0,91.21,212.0,198.0,82.51,212.0,186.0
IN,2006,90.94,521.0,477.0,89.55,521.0,473.0,84.49,521.0,446.0
IN,2007,91.29,698.0,637.0,90.42,698.0,632.0,80.29,698.0,582.0
IN,2008,91.16,301.0,277.0,88.01,301.0,271.0,85.25,301.0,255.0
IN,2009,88.88,708.0,636.0,86.58,708.0,621.0,79.78,708.0,587.0
IN,2010,92.28,322.0,297.0,92.28,322.0,297.0,81.61,322.0,272.0
IN,2011,93.21,347.0,324.0,92.28,347.0,322.0,84.66,347.0,296.0
IN,2012,90.61,252.0,230.0,90.01,252.0,228.0,76.76,252.0,198.0
IN,2013,92.36,243.0,222.0,92.0,243.0,221.0,82.1,243.0,200.0
IN,2014,91.6,309.0,289.0,91.51,309.0,288.0,82.84,309.0,259.0
IN,2015,94.52,231.0,218.0,91.97,231.0,213.0,85.28,231.0,198.0
IN,2016,93.48,239.0,222.0,92.97,239.0,219.0,83.05,239.0,199.0
IN,2017,87.81,256.0,223.0,86.97,256.0,221.0,82.12,256.0,208.0
IN,2018,87.36,279.0,251.0,86.49,279.0,249.0,75.29,279.0,220.0
IN,2019,93.11,280.0,257.0,91.74,280.0,255.0,82.45,280.0,230.0
IN,2020,90.34,312.0,285.0,89.78,312.0,283.0,80.89,312.0,256.0
IN,2021,90.51,216.0,197.0,87.54,216.0,193.0,82.61,216.0,180.0
IN,2022,93.14,224.0,208.0,91.97,224.0,206.0,86.83,224.0,197.0
IN,2023,94.41,223.0,211.0,93.71,223.0,210.0,83.14,223.0,190.0
IN,2024,90.86,216.0,193.0,90.86,216.0,193.0,82.13,216.0,175.0
KS,1995,86.42,238.0,215.0,86.42,238.0,215.0,72.43,238.0,186.0
KS,1996,86.76,286.0,255.0,86.76,286.0,255.0,77.35,286.0,232.0
KS,1997,93.71,289.0,272.0,93.71,289.0,272.0,86.46,289.0,253.0
KS,1998,94.84,44.0,42.0,94.84,44.0,42.0,90.59,44.0,40.0
KS,1999,89.9,328.0,301.0,89.9,328.0,301.0,82.91,328.0,281.0
KS,2000,87.09,281.0,245.0,87.09,281.0,245.0,79.5,281.0,226.0
KS,2001,90.35,269.0,252.0,90.35,269.0,252.0,82.49,269.0,227.0
KS,2002,93.89,291.0,271.0,93.89,291.0,271.0,76.2,291.0,230.0
KS,2003,89.45,248.0,226.0,89.45,248.0,226.0,81.33,248.0,207.0
KS,2004,92.3,260.0,245.0,92.3,260.0,245.0,82.57,260.0,227.0
KS,2005,94.24,255.0,238.0,92.73,255.0,234.0,88.49,255.0,226.0
KS,2006,93.64,548.0,512.0,92.7,548.0,510.0,87.01,548.0,483.0
KS,2007,93.43,242.0,227.0,93.07,242.0,226.0,87.02,242.0,211.0
KS,2008,93.22,303.0,283.0,91.95,303.0,279.0,85.67,303.0,261.0
KS,2009,92.71,218.0,204.0,92.48,218.0,203.0,87.24,218.0,192.0
KS,2010,90.56,270.0,249.0,90.04,270.0,247.0,86.59,270.0,237.0
KS,2011,88.64,328.0,299.0,87.81,328.0,297.0,83.37,328.0,286.0
KS,2012,88.66,297.0,265.0,88.52,297.0,264.0,79.05,297.0,239.0
KS,2013,90.28,205.0,186.0,89.39,205.0,184.0,81.56,205.0,169.0
KS,2014,93.42,234.0,220.0,93.42,234.0,220.0,85.27,234.0,198.0
KS,2015,94.57,228.0,214.0,92.29,228.0,211.0,86.85,228.0,196.0
KS,2016,92.29,207.0,190.0,92.29,207.0,190.0,84.87,207.0,177.0
KS,2017,89.79,192.0,173.0,89.79,192.0,173.0,78.49,192.0,154.0
KS,2018,89.38,193.0,173.0,88.91,193.0,172.0,80.82,193.0,159.0
KS,2019,93.09,398.0,376.0,93.01,398.0,375.0,80.18,398.0,342.0
KS,2020,92.41,395.0,365.0,91.62,395.0,361.0,81.51,395.0,334.0
KS,2021,90.89,348.0,327.0,90.48,348.0,325.0,80.06,348.0,299.0
KS,2022,91.5,382.0,357.0,91.22,382.0,356.0,82.5,382.0,323.0
KS,2023,93.28,410.0,384.0,92.7,410.0,383.0,81.26,410.0,341.0
KS,2024,90.4,336.0,307.0,89.73,336.0,305.0,80.2,336.0,273.0
KY,1995,88.38,207.0,190.0,88.38,207.0,190.0,84.44,207.0,179.0
KY,1996,91.62,290.0,271.0,91.62,290.0,271.0,81.81,290.0,246.0
KY,1997,89.54,307.0,279.0,89.54,307.0,279.0,82.66,307.0,259.0
KY,1998,85.89,36.0,31.0,85.89,36.0,31.0,79.57,36.0,29.0
KY,1999,93.72,299.0,282.0,93.72,299.0,282.0,92.46,299.0,278.0
KY,2000,88.6,308.0,280.0,88.6,308.0,280.0,84.54,308.0,267.0
KY,2001,92.39,305.0,282.0,91.63,305.0,280.0,81.61,305.0,249.0
KY,2002,88.37,272.0,246.0,87.98,272.0,245.0,76.31,272.0,214.0
KY,2003,95.63,265.0,254.0,95.46,265.0,253.0,85.78,265.0,236.0
KY,2004,91.31,243.0,226.0,90.97,243.0,225.0,86.42,243.0,212.0
KY,2005,91.93,214.0,200.0,90.18,214.0,198.0,85.71,214.0,188.0
KY,2006,93.16,267.0,248.0,92.48,267.0,246.0,87.6,267.0,235.0
KY,2007,91.5,318.0,296.0,90.85,318.0,294.0,85.22,318.0,283.0
KY,2008,91.01,272.0,250.0,90.25,272.0,248.0,86.04,272.0,234.0
KY,2009,90.97,350.0,319.0,88.94,350.0,314.0,84.74,350.0,301.0
KY,2010,90.14,276.0,251.0,89.47,276.0,249.0,83.13,276.0,237.0
KY,2011,93.0,248.0,232.0,92.67,248.0,231.0,87.51,248.0,221.0
KY,2012,89.19,302.0,271.0,89.19,302.0,271.0,82.99,302.0,255.0
KY,2013,89.45,190.0,168.0,89.45,190.0,168.0,84.1,190.0,160.0
KY,2014,88.77,220.0,199.0,88.61,220.0,198.0,83.24,220.0,190.0
KY,2015,92.62,241.0,222.0,91.62,241.0,220.0,87.03,241.0,206.0
KY,2016,93.91,243.0,227.0,92.55,243.0,225.0,84.92,243.0,207.0
KY,2017,94.59,229.0,217.0,92.72,229.0,214.0,84.58,229.0,196.0
KY,2018,94.96,175.0,165.0,93.78,175.0,163.0,86.78,175.0,158.0
KY,2019,88.43,182.0,166.0,88.43,182.0,166.0,86.36,182.0,161.0
KY,2020,92.05,318.0,299.0,91.21,318.0,296.0,82.97,318.0,275.0
KY,2021,93.32,242.0,226.0,92.47,242.0,223.0,83.9,242.0,204.0
KY,2022,93.51,310.0,291.0,93.51,310.0,291.0,85.4,310.0,278.0
KY,2023,87.74,363.0,333.0,87.64,363.0,332.0,79.83,363.0,306.0
KY,2024,91.13,291.0,267.0,91.13,291.0,267.0,77.95,291.0,238.0
LA,1995,87.48,405.0,359.0,87.48,405.0,359.0,80.14,405.0,328.0
LA,1996,87.97,486.0,434.0,87.97,486.0,434.0,83.34,486.0,398.0
LA,1997,88.21,509.0,455.0,88.13,509.0,454.0,81.54,509.0,419.0
LA,1998,86.4,79.0,70.0,86.4,79.0,70.0,75.55,79.0,63.0
LA,1999,89.78,591.0,524.0,89.78,591.0,524.0,80.2,591.0,474.0
LA,2000,87.68,571.0,492.0,87.68,571.0,492.0,79.31,571.0,455.0
LA,2001,84.66,572.0,490.0,84.66,572.0,490.0,74.13,572.0,438.0
LA,2002,87.5,551.0,481.0,87.42,551.0,478.0,74.19,551.0,413.0
LA,2003,88.4,557.0,498.0,88.4,557.0,497.0,76.58,557.0,446.0
LA,2004,88.74,568.0,509.0,88.74,568.0,509.0,77.94,568.0,463.0
LA,2005,91.13,556.0,505.0,89.24,556.0,494.0,80.47,556.0,456.0
LA,2006,89.68,287.0,261.0,88.93,287.0,257.0,76.63,287.0,225.0
LA,2007,93.32,281.0,259.0,92.9,281.0,256.0,80.05,281.0,222.0
LA,2008,95.59,340.0,320.0,94.25,340.0,315.0,87.72,340.0,296.0
LA,2009,95.86,266.0,254.0,94.43,266.0,249.0,84.06,266.0,228.0
LA,2010,90.4,226.0,205.0,89.74,226.0,202.0,79.89,226.0,187.0
LA,2011,93.44,276.0,256.0,92.75,276.0,254.0,85.23,276.0,237.0
LA,2012,91.78,304.0,270.0,90.54,304.0,266.0,77.77,304.0,239.0
LA,2013,89.18,224.0,203.0,88.11,224.0,200.0,78.49,224.0,184.0
LA,2014,91.9,270.0,248.0,91.82,270.0,247.0,83.28,270.0,224.0
LA,2015,93.11,223.0,208.0,92.56,223.0,207.0,84.37,223.0,190.0
LA,2016,91.38,244.0,220.0,91.16,244.0,219.0,81.33,244.0,199.0
LA,2017,91.56,282.0,262.0,91.34,282.0,261.0,80.72,282.0,235.0
LA,2018,94.02,235.0,217.0,92.08,235.0,215.0,80.02,235.0,193.0
LA,2019,94.87,355.0,335.0,94.77,355.0,333.0,81.04,355.0,305.0
LA,2020,91.64,423.0,392.0,91.41,423.0,390.0,77.41,423.0,340.0
LA,2021,91.66,380.0,358.0,91.49,380.0,356.0,73.94,380.0,309.0
LA,2022,94.97,430.0,409.0,94.22,430.0,407.0,85.05,430.0,374.0
LA,2023,91.73,456.0,414.0,91.46,456.0,409.0,82.22,456.0,379.0
LA,2024,90.17,384.0,357.0,90.06,384.0,355.0,81.23,384.0,324.0
MA,1995,93.92,421.0,404.0,93.92,421.0,404.0,84.25,421.0,369.0
MA,1996,97.2,555.0,536.0,97.2,555.0,536.0,89.56,555.0,500.0
MA,1997,95.56,598.0,571.0,95.56,598.0,571.0,93.71,598.0,554.0
MA,1998,98.21,90.0,89.0,98.21,90.0,89.0,95.28,90.0,86.0
MA,1999,94.37,522.0,496.0,93.97,522.0,494.0,90.74,522.0,482.0
MA,2000,96.11,562.0,528.0,96.11,562.0,528.0,87.67,562.0,483.0
MA,2001,92.84,599.0,558.0,92.81,599.0,557.0,85.74,599.0,525.0
MA,2002,95.57,593.0,560.0,95.53,593.0,559.0,92.33,593.0,536.0
MA,2003,97.73,567.0,548.0,97.73,567.0,548.0,94.65,567.0,535.0
MA,2004,96.62,551.0,527.0,95.95,551.0,524.0,93.18,551.0,512.0
MA,2005,98.16,233.0,227.0,97.04,233.0,225.0,96.97,233.0,225.0
MA,2006,96.92,512.0,493.0,96.56,512.0,492.0,92.62,512.0,466.0
MA,2007,93.34,199.0,187.0,93.34,199.0,187.0,89.98,199.0,178.0
MA,2008,97.08,266.0,257.0,94.42,266.0,253.0,87.18,266.0,233.0
MA,2009,93.91,275.0,257.0,93.71,275.0,256.0,88.86,275.0,247.0
MA,2010,93.37,297.0,279.0,92.26,297.0,274.0,90.97,297.0,270.0
MA,2011,93.73,264.0,253.0,93.73,264.0,253.0,90.35,264.0,246.0
MA,2012,94.35,270.0,257.0,93.67,270.0,255.0,88.24,270.0,242.0
MA,2013,96.89,241.0,234.0,95.8,241.0,233.0,93.28,241.0,226.0
MA,2014,94.94,237.0,223.0,94.69,237.0,222.0,89.83,237.0,215.0
MA,2015,93.8,307.0,289.0,91.85,307.0,283.0,87.25,307.0,277.0
MA,2016,98.75,312.0,307.0,98.58,312.0,306.0,93.99,312.0,295.0
MA,2017,98.3,271.0,265.0,98.27,271.0,264.0,92.58,271.0,253.0
MA,2018,95.45,282.0,269.0,95.41,282.0,268.0,88.14,282.0,243.0
MA,2019,96.75,270.0,261.0,96.75,270.0,261.0,89.13,270.0,244.0
MA,2020,97.03,387.0,373.0,96.77,387.0,372.0,92.51,387.0,364.0
MA,2021,97.04,335.0,326.0,96.36,335.0,322.0,91.75,335.0,305.0
MA,2022,97.4,265.0,255.0,97.12,265.0,254.0,90.69,265.0,239.0
MA,2023,98.06,271.0,263.0,95.88,271.0,260.0,92.84,271.0,255.0
MA,2024,96.28,269.0,260.0,95.95,269.0,259.0,89.26,269.0,245.0
MD,1995,92.09,369.0,346.0,92.09,369.0,346.0,82.56,369.0,309.0
MD,1996,91.68,510.0,474.0,91.68,510.0,474.0,84.83,510.0,444.0
MD,1997,95.3,553.0,531.0,95.3,553.0,531.0,87.57,553.0,492.0
MD,1998,100.0,63.0,63.0,100.0,63.0,63.0,92.2,63.0,56.0
MD,1999,96.06,539.0,513.0,95.83,539.0,512.0,84.96,539.0,455.0
MD,2000,90.92,583.0,539.0,90.92,583.0,539.0,84.3,583.0,477.0
MD,2001,92.86,632.0,586.0,92.86,632.0,586.0,83.31,632.0,525.0
MD,2002,95.65,529.0,511.0,95.43,529.0,509.0,84.61,529.0,444.0
MD,2003,93.72,550.0,524.0,93.72,550.0,524.0,86.04,550.0,483.0
MD,2004,94.84,546.0,521.0,94.84,546.0,521.0,86.5,546.0,485.0
MD,2005,94.83,433.0,415.0,93.64,433.0,408.0,89.8,433.0,388.0
MD,2006,96.63,519.0,498.0,96.26,519.0,495.0,86.98,519.0,452.0
MD,2007,97.58,313.0,305.0,97.09,313.0,303.0,94.78,313.0,292.0
MD,2008,94.69,610.0,570.0,94.52,610.0,566.0,89.08,610.0,542.0
MD,2009,90.75,485.0,452.0,89.68,485.0,448.0,88.99,485.0,426.0
MD,2010,90.82,306.0,285.0,90.54,306.0,283.0,84.16,306.0,267.0
MD,2011,95.36,582.0,562.0,94.63,582.0,558.0,88.42,582.0,526.0
MD,2012,92.76,311.0,295.0,92.54,311.0,293.0,83.19,311.0,267.0
MD,2013,95.26,287.0,276.0,95.26,287.0,276.0,87.37,287.0,254.0
MD,2014,96.01,303.0,283.0,94.87,303.0,278.0,85.41,303.0,266.0
MD,2015,96.67,361.0,349.0,95.38,361.0,343.0,87.64,361.0,322.0
MD,2016,94.39,372.0,349.0,93.24,372.0,346.0,85.68,372.0,326.0
MD,2017,92.49,361.0,345.0,92.39,361.0,343.0,82.37,361.0,320.0
MD,2018,93.38,367.0,348.0,92.8,367.0,346.0,84.0,367.0,322.0
MD,2019,95.97,700.0,668.0,95.6,700.0,665.0,86.07,700.0,621.0
MD,2020,94.97,871.0,844.0,93.71,871.0,834.0,86.21,871.0,784.0
MD,2021,96.11,730.0,699.0,95.45,730.0,693.0,89.88,730.0,662.0
MD,2022,94.2,481.0,458.0,93.49,481.0,455.0,88.81,481.0,435.0
MD,2023,96.84,558.0,541.0,96.24,558.0,538.0,89.57,558.0,508.0
MD,2024,94.62,407.0,389.0,94.36,407.0,387.0,84.46,407.0,358.0
ME,1995,99.02,235.0,233.0,99.02,235.0,233.0,89.97,235.0,216.0
ME,1996,95.26,312.0,297.0,95.26,312.0,297.0,92.14,312.0,288.0
ME,1997,95.35,333.0,318.0,95.35,333.0,318.0,91.6,333.0,308.0
ME,1998,94.91,44.0,42.0,94.91,44.0,42.0,94.91,44.0,42.0
ME,1999,92.03,274.0,253.0,92.03,274.0,253.0,86.9,274.0,243.0
ME,2000,93.99,296.0,277.0,93.99,296.0,277.0,88.26,296.0,261.0
ME,2001,94.51,310.0,294.0,94.23,310.0,293.0,90.35,310.0,279.0
ME,2002,92.93,258.0,240.0,92.32,258.0,238.0,87.32,258.0,227.0
ME,2003,94.14,277.0,264.0,94.14,277.0,264.0,88.85,277.0,253.0
ME,2004,92.45,255.0,235.0,91.69,255.0,234.0,88.82,255.0,226.0
ME,2005,94.37,189.0,178.0,92.15,189.0,174.0,91.37,189.0,173.0
ME,2006,93.12,204.0,190.0,92.21,204.0,188.0,88.24,204.0,182.0
ME,2007,90.76,219.0,201.0,90.15,219.0,199.0,86.71,219.0,193.0
ME,2008,92.85,275.0,256.0,91.78,275.0,253.0,90.31,275.0,246.0
ME,2009,93.24,261.0,243.0,91.4,261.0,240.0,87.21,261.0,233.0
ME,2010,90.94,220.0,202.0,90.94,220.0,202.0,86.62,220.0,194.0
ME,2011,92.09,258.0,235.0,92.09,258.0,235.0,90.01,258.0,232.0
ME,2012,92.89,264.0,242.0,91.22,264.0,240.0,87.89,264.0,235.0
ME,2013,91.27,209.0,190.0,90.99,209.0,189.0,87.92,209.0,188.0
ME,2014,97.25,239.0,228.0,97.25,239.0,228.0,93.12,239.0,218.0
ME,2015,96.48,221.0,212.0,96.04,221.0,210.0,92.04,221.0,206.0
ME,2016,92.52,260.0,239.0,91.58,260.0,236.0,86.96,260.0,229.0
ME,2017,94.05,271.0,251.0,93.74,271.0,250.0,90.35,271.0,241.0
ME,2018,93.58,263.0,249.0,93.26,263.0,248.0,87.08,263.0,237.0
ME,2019,94.39,238.0,216.0,93.46,238.0,215.0,89.15,238.0,203.0
ME,2020,92.63,283.0,262.0,92.63,283.0,262.0,87.58,283.0,247.0
ME,2021,95.85,235.0,226.0,94.62,235.0,224.0,88.06,235.0,213.0
ME,2022,97.55,221.0,214.0,97.15,221.0,213.0,91.11,221.0,200.0
ME,2023,93.08,230.0,215.0,92.77,230.0,214.0,84.94,230.0,199.0
ME,2024,95.07,222.0,211.0,95.07,222.0,211.0,86.9,222.0,198.0
MI,1995,86.2,391.0,343.0,86.2,391.0,343.0,72.44,391.0,294.0
MI,1996,89.66,512.0,448.0,89.66,512.0,448.0,78.87,512.0,392.0
MI,1997,89.25,585.0,514.0,89.25,585.0,514.0,79.87,585.0,459.0
MI,1998,83.36,82.0,72.0,83.36,82.0,72.0,74.03,82.0,65.0
MI,1999,89.81,546.0,490.0,89.81,546.0,490.0,78.89,546.0,429.0
MI,2000,88.96,529.0,456.0,88.87,529.0,455.0,82.27,529.0,412.0
MI,2001,88.86,601.0,536.0,88.61,601.0,535.0,77.73,601.0,464.0
MI,2002,93.35,539.0,495.0,93.35,539.0,495.0,87.42,539.0,441.0
MI,2003,92.52,565.0,518.0,92.52,565.0,518.0,83.98,565.0,462.0
MI,2004,91.99,626.0,583.0,91.8,626.0,581.0,86.08,626.0,523.0
MI,2005,95.35,430.0,405.0,93.67,430.0,397.0,87.0,430.0,370.0
MI,2006,92.74,539.0,492.0,92.19,539.0,486.0,84.97,539.0,447.0
MI,2007,89.84,270.0,247.0,89.51,270.0,246.0,84.3,270.0,235.0
MI,2008,90.34,282.0,253.0,88.13,282.0,249.0,86.37,282.0,248.0
MI,2009,92.86,331.0,309.0,90.91,331.0,305.0,91.3,331.0,300.0
MI,2010,91.6,270.0,244.0,91.08,270.0,242.0,90.92,270.0,247.0
MI,2011,88.72,353.0,316.0,88.44,353.0,314.0,82.39,353.0,300.0
MI,2012,91.52,283.0,262.0,91.37,283.0,261.0,81.48,283.0,245.0
MI,2013,89.43,212.0,195.0,89.16,212.0,194.0,79.61,212.0,176.0
MI,2014,87.42,245.0,223.0,87.35,245.0,222.0,77.71,245.0,207.0
MI,2015,91.72,254.0,235.0,90.62,254.0,231.0,84.87,254.0,220.0
MI,2016,88.14,230.0,205.0,86.44,230.0,203.0,81.48,230.0,192.0
MI,2017,92.86,237.0,220.0,92.19,237.0,218.0,81.27,237.0,196.0
MI,2018,92.34,294.0,268.0,91.91,294.0,267.0,83.92,294.0,255.0
MI,2019,93.22,324.0,306.0,92.06,324.0,303.0,88.8,324.0,287.0
MI,2020,95.96,444.0,423.0,95.96,444.0,423.0,82.6,444.0,384.0
MI,2021,95.06,343.0,325.0,93.12,343.0,321.0,86.68,343.0,303.0
MI,2022,96.93,457.0,443.0,96.67,457.0,442.0,87.64,457.0,414.0
MI,2023,91.72,494.0,465.0,90.89,494.0,463.0,78.28,494.0,428.0
MI,2024,92.25,399.0,374.0,92.04,399.0,373.0,86.11,399.0,353.0
MN,1995,91.65,242.0,223.0,91.65,242.0,223.0,80.03,242.0,199.0
MN,1996,95.68,323.0,311.0,95.68,323.0,311.0,89.97,323.0,295.0
MN,1997,91.73,310.0,289.0,91.73,310.0,289.0,82.99,310.0,267.0
MN,1998,96.25,45.0,44.0,96.25,45.0,44.0,91.34,45.0,42.0
MN,1999,95.75,273.0,260.0,95.75,273.0,260.0,90.6,273.0,249.0
MN,2000,92.48,285.0,265.0,92.48,285.0,265.0,91.56,285.0,264.0
MN,2001,90.79,306.0,281.0,90.79,306.0,281.0,86.26,306.0,269.0
MN,2002,92.69,282.0,264.0,92.21,282.0,262.0,85.1,282.0,245.0
MN,2003,92.56,268.0,250.0,92.56,268.0,250.0,87.86,268.0,239.0
MN,2004,92.08,250.0,234.0,91.75,250.0,233.0,88.69,250.0,226.0
MN,2005,93.98,213.0,203.0,91.42,213.0,199.0,89.29,213.0,192.0
MN,2006,92.62,236.0,220.0,92.28,236.0,219.0,87.36,236.0,208.0
MN,2007,94.89,265.0,248.0,94.89,265.0,248.0,88.94,265.0,237.0
MN,2008,93.4,362.0,339.0,91.77,362.0,334.0,87.3,362.0,323.0
MN,2009,94.4,274.0,254.0,93.62,274.0,251.0,84.73,274.0,232.0
MN,2010,93.31,269.0,254.0,92.68,269.0,252.0,87.75,269.0,241.0
MN,2011,97.02,234.0,227.0,97.02,234.0,227.0,88.93,234.0,211.0
MN,2012,90.38,290.0,268.0,90.09,290.0,267.0,84.2,290.0,251.0
MN,2013,91.45,195.0,180.0,90.84,195.0,178.0,90.55,195.0,174.0
MN,2014,94.26,199.0,188.0,94.26,199.0,188.0,87.13,199.0,174.0
MN,2015,92.85,289.0,270.0,92.59,289.0,269.0,85.38,289.0,253.0
MN,2016,92.59,279.0,265.0,92.03,279.0,264.0,87.05,279.0,245.0
MN,2017,94.64,249.0,235.0,94.27,249.0,234.0,83.33,249.0,216.0
MN,2018,91.92,217.0,203.0,91.92,217.0,203.0,83.04,217.0,187.0
MN,2019,95.55,190.0,182.0,95.16,190.0,181.0,88.29,190.0,169.0
MN,2020,93.17,408.0,382.0,93.01,408.0,381.0,84.33,408.0,356.0
MN,2021,93.52,260.0,249.0,92.66,260.0,246.0,84.49,260.0,229.0
MN,2022,93.91,266.0,250.0,93.91,266.0,250.0,89.85,266.0,238.0
MN,2023,91.78,268.0,250.0,90.86,268.0,249.0,83.7,268.0,229.0
MN,2024,92.88,276.0,255.0,92.88,276.0,255.0,92.32,276.0,248.0
MO,1995,91.51,219.0,205.0,91.51,219.0,205.0,79.26,219.0,179.0
MO,1996,87.22,286.0,258.0,87.22,286.0,258.0,77.87,286.0,236.0
MO,1997,90.09,295.0,269.0,90.09,295.0,269.0,82.95,295.0,251.0
MO,1998,96.52,37.0,35.0,96.52,37.0,35.0,87.77,37.0,33.0
MO,1999,88.63,314.0,283.0,88.08,314.0,282.0,81.54,314.0,262.0
MO,2000,92.93,274.0,254.0,92.93,274.0,254.0,82.26,274.0,228.0
MO,2001,90.51,267.0,243.0,90.05,267.0,241.0,83.78,267.0,228.0
MO,2002,94.76,271.0,258.0,94.76,271.0,258.0,81.21,271.0,228.0
MO,2003,94.46,290.0,276.0,94.46,290.0,276.0,87.41,290.0,258.0
MO,2004,94.04,261.0,245.0,93.83,261.0,244.0,87.1,261.0,232.0
MO,2005,92.43,522.0,487.0,90.33,522.0,479.0,85.29,522.0,460.0
MO,2006,95.74,275.0,266.0,95.74,275.0,266.0,87.04,275.0,245.0
MO,2007,90.0,258.0,238.0,89.05,258.0,236.0,80.63,258.0,215.0
MO,2008,92.25,315.0,292.0,91.66,315.0,291.0,81.96,315.0,264.0
MO,2009,89.61,326.0,297.0,88.77,326.0,295.0,78.4,326.0,271.0
MO,2010,90.52,325.0,295.0,90.37,325.0,294.0,80.29,325.0,267.0
MO,2011,88.47,360.0,320.0,87.69,360.0,318.0,83.2,360.0,309.0
MO,2012,93.14,252.0,233.0,92.7,252.0,232.0,81.87,252.0,217.0
MO,2013,89.77,188.0,171.0,89.77,188.0,171.0,82.12,188.0,157.0
MO,2014,90.73,272.0,248.0,90.34,272.0,247.0,79.17,272.0,226.0
MO,2015,92.9,226.0,211.0,91.64,226.0,209.0,82.62,226.0,193.0
MO,2016,92.88,215.0,198.0,92.88,215.0,198.0,81.91,215.0,182.0
MO,2017,86.59,229.0,202.0,85.82,229.0,201.0,76.97,229.0,180.0
MO,2018,88.16,243.0,214.0,87.94,243.0,213.0,76.96,243.0,194.0
MO,2019,89.94,321.0,291.0,88.86,321.0,290.0,78.98,321.0,263.0
MO,2020,94.94,439.0,419.0,93.98,439.0,415.0,83.16,439.0,380.0
MO,2021,87.71,398.0,367.0,87.24,398.0,366.0,79.5,398.0,340.0
MO,2022,92.83,390.0,366.0,92.64,390.0,364.0,84.76,390.0,342.0
MO,2023,93.1,428.0,402.0,92.72,428.0,401.0,82.14,428.0,361.0
MO,2024,95.13,299.0,281.0,94.94,299.0,280.0,86.18,299.0,257.0
MS,1995,89.35,225.0,204.0,89.35,225.0,204.0,84.15,225.0,194.0
MS,1996,93.05,292.0,270.0,93.05,292.0,270.0,84.98,292.0,252.0
MS,1997,90.67,300.0,277.0,90.67,300.0,277.0,83.47,300.0,257.0
MS,1998,85.07,39.0,34.0,85.07,39.0,34.0,79.28,39.0,33.0
MS,1999,92.34,277.0,258.0,92.34,277.0,258.0,83.93,277.0,239.0
MS,2000,90.32,289.0,260.0,90.32,289.0,260.0,87.01,289.0,252.0
MS,2001,93.29,286.0,270.0,93.29,286.0,270.0,87.47,286.0,255.0
MS,2002,91.13,254.0,231.0,91.13,254.0,231.0,79.86,254.0,204.0
MS,2003,94.65,250.0,237.0,94.65,250.0,237.0,86.52,250.0,226.0
MS,2004,94.38,285.0,272.0,94.38,285.0,272.0,87.26,285.0,256.0
MS,2005,91.44,267.0,248.0,90.96,267.0,247.0,86.15,267.0,233.0
MS,2006,89.15,284.0,257.0,88.5,284.0,255.0,79.92,284.0,237.0
MS,2007,89.08,245.0,221.0,87.23,245.0,217.0,81.03,245.0,206.0
MS,2008,91.29,377.0,344.0,89.26,377.0,340.0,82.37,377.0,319.0
MS,2009,92.92,339.0,316.0,91.65,339.0,311.0,84.73,339.0,287.0
MS,2010,94.29,323.0,302.0,93.76,323.0,299.0,85.37,323.0,274.0
MS,2011,90.53,262.0,239.0,89.89,262.0,237.0,83.36,262.0,220.0
MS,2012,93.51,303.0,282.0,93.44,303.0,281.0,83.58,303.0,258.0
MS,2013,95.18,180.0,168.0,95.18,180.0,168.0,87.38,180.0,154.0
MS,2014,95.57,205.0,196.0,95.0,205.0,194.0,83.34,205.0,176.0
MS,2015,90.14,233.0,215.0,89.82,233.0,213.0,79.63,233.0,196.0
MS,2016,90.85,239.0,217.0,90.85,239.0,217.0,80.34,239.0,191.0
MS,2017,92.13,247.0,228.0,91.81,247.0,227.0,82.91,247.0,204.0
MS,2018,91.6,299.0,267.0,90.3,299.0,264.0,77.34,299.0,234.0
MS,2019,91.2,307.0,280.0,91.2,307.0,280.0,83.23,307.0,260.0
MS,2020,90.84,300.0,271.0,90.4,300.0,270.0,82.8,300.0,247.0
MS,2021,92.36,314.0,288.0,91.63,314.0,287.0,78.0,314.0,265.0
MS,2022,94.35,297.0,273.0,93.44,297.0,271.0,84.19,297.0,247.0
MS,2023,89.38,332.0,299.0,88.6,332.0,296.0,79.82,332.0,276.0
MS,2024,86.54,223.0,207.0,85.8,223.0,206.0,77.79,223.0,195.0
MT,1995,88.15,239.0,215.0,88.15,239.0,215.0,73.84,239.0,185.0
MT,1996,87.65,299.0,267.0,87.65,299.0,267.0,79.11,299.0,240.0
MT,1997,87.04,334.0,296.0,87.04,334.0,296.0,80.39,334.0,275.0
MT,1998,86.67,40.0,35.0,86.67,40.0,35.0,73.26,40.0,31.0
MT,1999,93.41,282.0,263.0,93.13,282.0,262.0,88.1,282.0,250.0
MT,2000,89.94,288.0,260.0,89.94,288.0,260.0,81.19,288.0,238.0
MT,2001,94.7,290.0,274.0,94.7,290.0,274.0,85.45,290.0,249.0
MT,2002,85.31,276.0,235.0,85.31,276.0,235.0,72.92,276.0,208.0
MT,2003,91.35,282.0,257.0,90.71,282.0,255.0,87.63,282.0,246.0
MT,2004,91.24,280.0,256.0,91.24,280.0,256.0,83.61,280.0,237.0
MT,2005,94.09,260.0,246.0,93.58,260.0,244.0,85.63,260.0,223.0
MT,2006,87.9,280.0,255.0,87.32,280.0,253.0,76.13,280.0,224.0
MT,2007,91.64,269.0,245.0,89.64,269.0,239.0,79.06,269.0,215.0
MT,2008,86.54,268.0,237.0,85.89,268.0,235.0,74.38,268.0,204.0
MT,2009,87.16,262.0,227.0,87.16,262.0,227.0,76.02,262.0,200.0
MT,2010,85.06,264.0,230.0,85.06,264.0,230.0,76.56,264.0,205.0
MT,2011,89.69,295.0,264.0,88.6,295.0,260.0,81.3,295.0,242.0
MT,2012,91.98,310.0,283.0,91.46,310.0,281.0,86.63,310.0,263.0
MT,2013,87.3,220.0,193.0,87.3,220.0,193.0,78.96,220.0,174.0
MT,2014,93.39,220.0,205.0,93.39,220.0,205.0,83.06,220.0,184.0
MT,2015,92.25,251.0,229.0,91.68,251.0,227.0,78.59,251.0,207.0
MT,2016,85.96,246.0,213.0,85.96,246.0,213.0,76.24,246.0,196.0
MT,2017,92.49,216.0,198.0,92.25,216.0,197.0,80.09,216.0,174.0
MT,2018,89.22,280.0,249.0,88.51,280.0,247.0,76.32,280.0,221.0
MT,2019,92.68,256.0,235.0,92.68,256.0,235.0,78.15,256.0,208.0
MT,2020,93.5,240.0,222.0,92.95,240.0,221.0,80.4,240.0,197.0
MT,2021,94.79,225.0,214.0,92.64,225.0,211.0,83.85,225.0,192.0
MT,2022,85.7,192.0,160.0,85.2,192.0,159.0,73.75,192.0,142.0
MT,2023,85.29,205.0,176.0,85.29,205.0,176.0,73.82,205.0,160.0
MT,2024,89.44,254.0,226.0,89.15,254.0,225.0,80.76,254.0,202.0
NC,1995,91.97,221.0,203.0,91.82,221.0,202.0,83.01,221.0,188.0
NC,1996,89.67,286.0,262.0,89.67,286.0,262.0,80.97,286.0,244.0
NC,1997,94.36,309.0,292.0,94.36,309.0,292.0,84.43,309.0,266.0
NC,1998,94.98,47.0,44.0,94.98,47.0,44.0,81.36,47.0,39.0
NC,1999,92.54,292.0,272.0,92.54,292.0,272.0,84.42,292.0,251.0
NC,2000,94.75,312.0,296.0,94.75,312.0,296.0,91.01,312.0,284.0
NC,2001,96.65,301.0,291.0,96.39,301.0,290.0,86.91,301.0,264.0
NC,2002,94.87,259.0,244.0,94.87,259.0,244.0,88.18,259.0,228.0
NC,2003,96.21,276.0,266.0,95.68,276.0,265.0,90.01,276.0,250.0
NC,2004,95.62,311.0,302.0,95.62,311.0,302.0,84.7,311.0,278.0
NC,2005,94.44,216.0,205.0,94.44,216.0,205.0,91.27,216.0,197.0
NC,2006,97.61,241.0,235.0,97.61,241.0,235.0,89.09,241.0,219.0
NC,2007,96.87,263.0,251.0,96.87,263.0,251.0,85.75,263.0,225.0
NC,2008,92.91,318.0,298.0,92.23,318.0,295.0,84.1,318.0,278.0
NC,2009,93.42,262.0,248.0,92.86,262.0,247.0,85.88,262.0,233.0
NC,2010,94.89,310.0,294.0,94.5,310.0,293.0,87.51,310.0,270.0
NC,2011,93.51,250.0,236.0,93.01,250.0,235.0,83.99,250.0,220.0
NC,2012,89.89,286.0,259.0,88.97,286.0,258.0,85.9,286.0,251.0
NC,2013,96.0,262.0,250.0,96.0,262.0,250.0,87.55,262.0,229.0
NC,2014,94.31,269.0,253.0,94.31,269.0,253.0,86.94,269.0,230.0
NC,2015,94.34,261.0,246.0,94.34,261.0,246.0,83.94,261.0,225.0
NC,2016,93.34,267.0,249.0,93.34,267.0,249.0,85.99,267.0,237.0
NC,2017,92.64,298.0,274.0,92.16,298.0,272.0,86.7,298.0,262.0
NC,2018,93.71,351.0,330.0,93.39,351.0,328.0,84.42,351.0,305.0
NC,2019,93.81,337.0,311.0,93.27,337.0,310.0,87.3,337.0,299.0
NC,2020,91.32,267.0,246.0,90.7,267.0,243.0,86.33,267.0,230.0
NC,2021,97.25,272.0,263.0,96.28,272.0,261.0,89.95,272.0,249.0
NC,2022,96.36,441.0,420.0,95.52,441.0,419.0,88.34,441.0,389.0
NC,2023,95.94,471.0,446.0,95.38,471.0,444.0,87.35,471.0,406.0
NC,2024,93.21,326.0,300.0,92.9,326.0,299.0,83.36,326.0,272.0
ND,1995,90.5,222.0,204.0,90.5,222.0,204.0,81.53,222.0,187.0
ND,1996,89.36,299.0,270.0,89.36,299.0,270.0,86.08,299.0,260.0
ND,1997,90.62,320.0,291.0,90.62,320.0,291.0,87.18,320.0,283.0
ND,1998,94.9,46.0,45.0,94.9,46.0,45.0,91.63,46.0,44.0
ND,1999,90.77,306.0,279.0,90.77,306.0,279.0,88.4,306.0,274.0
ND,2000,91.6,320.0,295.0,91.6,320.0,295.0,85.97,320.0,278.0
ND,2001,92.54,318.0,296.0,92.54,318.0,296.0,86.01,318.0,279.0
ND,2002,90.71,278.0,259.0,90.71,278.0,259.0,81.35,278.0,239.0
ND,2003,90.93,273.0,249.0,90.93,273.0,249.0,86.2,273.0,239.0
ND,2004,92.57,294.0,272.0,92.57,294.0,272.0,85.65,294.0,255.0
ND,2005,94.55,270.0,257.0,92.32,270.0,252.0,87.78,270.0,236.0
ND,2006,92.91,322.0,304.0,91.72,322.0,300.0,86.88,322.0,287.0
ND,2007,95.77,249.0,238.0,95.18,249.0,237.0,85.53,249.0,215.0
ND,2008,90.57,269.0,244.0,90.57,269.0,244.0,81.03,269.0,224.0
ND,2009,95.11,206.0,196.0,94.42,206.0,194.0,85.42,206.0,178.0
ND,2010,93.13,253.0,237.0,92.55,253.0,235.0,85.27,253.0,220.0
ND,2011,94.7,213.0,201.0,94.7,213.0,201.0,85.48,213.0,182.0
ND,2012,90.86,258.0,238.0,90.64,258.0,237.0,85.1,258.0,228.0
ND,2013,91.63,303.0,278.0,91.36,303.0,277.0,78.57,303.0,250.0
ND,2014,95.81,334.0,317.0,94.9,334.0,315.0,81.8,334.0,290.0
ND,2015,94.6,234.0,220.0,92.79,234.0,218.0,85.66,234.0,202.0
ND,2016,89.84,205.0,186.0,89.22,205.0,184.0,82.44,205.0,171.0
ND,2017,95.73,222.0,209.0,95.73,222.0,209.0,86.06,222.0,189.0
ND,2018,93.48,241.0,222.0,93.48,241.0,222.0,87.29,241.0,209.0
ND,2019,95.05,232.0,217.0,94.67,232.0,216.0,78.77,232.0,185.0
ND,2020,94.98,336.0,320.0,94.87,336.0,319.0,85.66,336.0,290.0
ND,2021,94.23,280.0,265.0,93.46,280.0,263.0,86.95,280.0,241.0
ND,2022,92.76,244.0,228.0,92.63,244.0,227.0,84.94,244.0,212.0
ND,2023,89.1,231.0,212.0,89.1,231.0,212.0,79.08,231.0,192.0
ND,2024,91.02,248.0,225.0,91.02,248.0,225.0,82.46,248.0,210.0
NE,1995,89.61,224.0,206.0,89.61,224.0,206.0,74.82,224.0,178.0
NE,1996,91.18,308.0,284.0,91.18,308.0,284.0,83.14,308.0,258.0
NE,1997,89.36,340.0,310.0,89.36,340.0,310.0,78.68,340.0,272.0
NE,1998,89.61,44.0,40.0,89.61,44.0,40.0,89.61,44.0,40.0
NE,1999,92.02,296.0,274.0,91.75,296.0,273.0,86.8,296.0,258.0
NE,2000,91.51,289.0,264.0,91.51,289.0,264.0,82.52,289.0,239.0
NE,2001,90.85,301.0,274.0,90.85,301.0,274.0,85.4,301.0,260.0
NE,2002,93.16,282.0,262.0,93.16,282.0,262.0,82.41,282.0,233.0
NE,2003,91.0,276.0,258.0,91.0,276.0,258.0,85.02,276.0,244.0
NE,2004,92.73,302.0,280.0,92.73,302.0,280.0,84.43,302.0,262.0
NE,2005,96.15,222.0,211.0,94.77,222.0,207.0,91.73,222.0,202.0
NE,2006,91.38,250.0,235.0,91.38,250.0,235.0,84.2,250.0,220.0
NE,2007,94.97,214.0,203.0,93.98,214.0,201.0,87.8,214.0,188.0
NE,2008,93.46,316.0,295.0,91.89,316.0,291.0,84.95,316.0,268.0
NE,2009,94.29,247.0,231.0,93.61,247.0,229.0,81.76,247.0,198.0
NE,2010,94.53,243.0,231.0,94.22,243.0,230.0,90.08,243.0,219.0
NE,2011,94.78,246.0,234.0,94.12,246.0,232.0,89.15,246.0,222.0
NE,2012,90.23,266.0,242.0,89.05,266.0,238.0,84.55,266.0,229.0
NE,2013,92.47,241.0,224.0,92.47,241.0,224.0,88.34,241.0,212.0
NE,2014,96.03,239.0,228.0,96.03,239.0,228.0,87.35,239.0,208.0
NE,2015,95.87,231.0,219.0,95.64,231.0,218.0,86.92,231.0,198.0
NE,2016,93.67,219.0,204.0,93.67,219.0,204.0,89.42,219.0,193.0
NE,2017,94.13,246.0,233.0,93.7,246.0,232.0,86.44,246.0,217.0
NE,2018,92.74,230.0,217.0,92.08,230.0,216.0,88.52,230.0,204.0
NE,2019,96.77,228.0,220.0,96.45,228.0,219.0,89.85,228.0,204.0
NE,2020,94.03,305.0,285.0,93.64,305.0,284.0,85.26,305.0,261.0
NE,2021,96.57,262.0,253.0,95.94,262.0,250.0,92.93,262.0,240.0
NE,2022,95.66,242.0,229.0,95.55,242.0,228.0,88.87,242.0,211.0
NE,2023,94.56,282.0,266.0,94.56,282.0,266.0,90.25,282.0,251.0
NE,2024,95.88,228.0,215.0,95.88,228.0,215.0,87.58,228.0,199.0
NH,1995,95.67,241.0,231.0,95.67,241.0,231.0,91.29,241.0,221.0
NH,1996,94.05,306.0,288.0,94.05,306.0,288.0,86.73,306.0,269.0
NH,1997,95.47,311.0,299.0,95.47,311.0,299.0,90.48,311.0,286.0
NH,1998,94.97,42.0,40.0,94.97,42.0,40.0,89.12,42.0,38.0
NH,1999,93.28,253.0,237.0,93.28,253.0,237.0,91.22,253.0,232.0
NH,2000,94.93,321.0,305.0,94.93,321.0,305.0,87.64,321.0,284.0
NH,2001,94.55,318.0,300.0,94.32,318.0,299.0,88.84,318.0,283.0
NH,2002,93.85,278.0,263.0,93.85,278.0,263.0,93.47,278.0,255.0
NH,2003,94.64,280.0,267.0,94.64,280.0,267.0,91.42,280.0,257.0
NH,2004,93.52,261.0,248.0,93.52,261.0,248.0,91.36,261.0,241.0
NH,2005,91.45,237.0,216.0,88.33,237.0,211.0,87.82,237.0,211.0
NH,2006,92.95,245.0,226.0,92.95,245.0,226.0,87.48,245.0,213.0
NH,2007,97.18,199.0,192.0,96.57,199.0,190.0,94.43,199.0,187.0
NH,2008,95.25,241.0,229.0,94.78,241.0,227.0,89.97,241.0,216.0
NH,2009,93.53,236.0,220.0,91.99,236.0,216.0,87.51,236.0,207.0
NH,2010,96.38,232.0,224.0,95.75,232.0,223.0,91.98,232.0,218.0
NH,2011,92.38,217.0,201.0,92.12,217.0,200.0,87.99,217.0,193.0
NH,2012,95.33,251.0,239.0,93.73,251.0,236.0,88.72,251.0,228.0
NH,2013,96.33,226.0,217.0,96.33,226.0,217.0,91.28,226.0,205.0
NH,2014,93.62,248.0,232.0,93.12,248.0,231.0,91.26,248.0,224.0
NH,2015,95.29,195.0,186.0,93.4,195.0,183.0,88.39,195.0,177.0
NH,2016,96.27,238.0,230.0,95.86,238.0,228.0,92.49,238.0,220.0
NH,2017,94.13,236.0,223.0,94.13,236.0,223.0,89.77,236.0,212.0
NH,2018,93.61,220.0,203.0,93.61,220.0,203.0,91.86,220.0,200.0
NH,2019,92.65,223.0,213.0,92.65,223.0,213.0,85.76,223.0,200.0
NH,2020,96.43,252.0,244.0,95.87,252.0,243.0,92.1,252.0,234.0
NH,2021,97.61,248.0,240.0,97.44,248.0,239.0,85.74,248.0,216.0
NH,2022,92.46,201.0,185.0,92.46,201.0,185.0,89.34,201.0,179.0
NH,2023,96.66,194.0,184.0,96.66,194.0,184.0,90.59,194.0,170.0
NH,2024,96.96,229.0,221.0,96.96,229.0,221.0,92.27,229.0,210.0
NJ,1995,90.78,358.0,333.0,90.78,358.0,333.0,75.97,358.0,271.0
NJ,1996,90.96,497.0,447.0,90.94,497.0,446.0,82.87,497.0,387.0
NJ,1997,93.63,500.0,456.0,93.56,500.0,452.0,81.94,500.0,389.0
NJ,1998,93.48,74.0,66.0,93.48,74.0,66.0,80.3,74.0,59.0
NJ,1999,94.07,583.0,542.0,94.07,583.0,542.0,83.88,583.0,476.0
NJ,2000,88.56,638.0,562.0,88.55,638.0,561.0,82.12,638.0,495.0
NJ,2001,92.11,636.0,582.0,91.14,636.0,577.0,81.33,636.0,496.0
NJ,2002,93.07,554.0,512.0,92.79,554.0,510.0,84.89,554.0,436.0
NJ,2003,94.06,532.0,497.0,93.46,532.0,495.0,81.51,532.0,440.0
NJ,2004,94.86,566.0,535.0,94.58,566.0,534.0,86.2,566.0,470.0
NJ,2005,88.55,505.0,458.0,85.29,505.0,445.0,84.43,505.0,428.0
NJ,2006,92.98,553.0,503.0,91.24,553.0,495.0,85.4,553.0,455.0
NJ,2007,93.64,260.0,247.0,91.22,260.0,244.0,85.28,260.0,233.0
NJ,2008,90.89,322.0,299.0,89.91,322.0,294.0,80.57,322.0,275.0
NJ,2009,89.9,353.0,322.0,86.86,353.0,307.0,82.08,353.0,303.0
NJ,2010,87.4,332.0,303.0,86.12,332.0,300.0,80.22,332.0,280.0
NJ,2011,91.35,340.0,312.0,89.56,340.0,307.0,85.96,340.0,294.0
NJ,2012,94.9,285.0,269.0,94.79,285.0,268.0,84.73,285.0,244.0
NJ,2013,95.81,265.0,253.0,95.61,265.0,252.0,86.35,265.0,233.0
NJ,2014,93.33,262.0,245.0,93.33,262.0,245.0,85.39,262.0,226.0
NJ,2015,94.81,272.0,262.0,92.77,272.0,256.0,89.77,272.0,249.0
NJ,2016,94.02,268.0,253.0,92.41,268.0,249.0,87.01,268.0,238.0
NJ,2017,90.23,356.0,324.0,89.01,356.0,318.0,82.78,356.0,305.0
NJ,2018,95.28,313.0,293.0,94.87,313.0,292.0,85.21,313.0,271.0
NJ,2019,90.2,264.0,241.0,88.94,264.0,239.0,85.06,264.0,221.0
NJ,2020,93.7,262.0,248.0,93.47,262.0,246.0,80.18,262.0,228.0
NJ,2021,93.23,283.0,266.0,91.06,283.0,262.0,83.14,283.0,243.0
NJ,2022,96.85,277.0,267.0,96.33,277.0,265.0,86.71,277.0,251.0
NJ,2023,91.06,265.0,245.0,90.44,265.0,243.0,86.92,265.0,236.0
NJ,2024,91.06,292.0,272.0,89.98,292.0,269.0,83.01,292.0,245.0
NM,1995,86.97,204.0,185.0,86.97,204.0,185.0,76.67,204.0,169.0
NM,1996,90.4,270.0,245.0,89.63,270.0,244.0,82.05,270.0,226.0
NM,1997,84.46,293.0,255.0,84.46,293.0,255.0,79.86,293.0,242.0
NM,1998,80.69,35.0,30.0,80.69,35.0,30.0,68.61,35.0,26.0
NM,1999,87.54,298.0,263.0,87.54,298.0,263.0,82.3,298.0,247.0
NM,2000,83.04,309.0,261.0,83.04,309.0,261.0,77.08,309.0,243.0
NM,2001,87.71,338.0,298.0,87.71,338.0,298.0,76.1,338.0,260.0
NM,2002,92.45,259.0,237.0,92.45,259.0,237.0,70.23,259.0,181.0
NM,2003,93.9,253.0,236.0,93.9,253.0,236.0,81.55,253.0,206.0
NM,2004,90.27,325.0,299.0,89.92,325.0,298.0,87.22,325.0,286.0
NM,2005,91.58,203.0,184.0,91.25,203.0,183.0,82.2,203.0,165.0
NM,2006,90.09,506.0,461.0,89.05,506.0,452.0,79.23,506.0,410.0
NM,2007,90.81,268.0,233.0,90.64,268.0,232.0,81.61,268.0,219.0
NM,2008,91.69,280.0,258.0,90.61,280.0,255.0,85.15,280.0,246.0
NM,2009,90.79,342.0,312.0,89.07,342.0,304.0,80.63,342.0,285.0
NM,2010,89.71,318.0,279.0,88.8,318.0,276.0,78.3,318.0,255.0
NM,2011,92.93,303.0,281.0,92.93,303.0,281.0,86.44,303.0,265.0
NM,2012,89.08,282.0,248.0,88.76,282.0,247.0,86.98,282.0,240.0
NM,2013,90.28,255.0,231.0,89.13,255.0,228.0,79.78,255.0,208.0
NM,2014,94.59,280.0,255.0,94.59,280.0,255.0,87.53,280.0,233.0
NM,2015,90.0,244.0,222.0,89.74,244.0,221.0,84.77,244.0,208.0
NM,2016,92.38,249.0,229.0,91.23,249.0,225.0,83.76,249.0,203.0
NM,2017,90.2,233.0,215.0,89.33,233.0,213.0,88.12,233.0,205.0
NM,2018,94.37,313.0,292.0,93.72,313.0,290.0,85.13,313.0,266.0
NM,2019,94.06,505.0,477.0,93.93,505.0,475.0,84.59,505.0,436.0
NM,2020,95.5,394.0,377.0,95.39,394.0,376.0,84.54,394.0,340.0
NM,2021,93.81,386.0,369.0,93.81,386.0,369.0,81.67,386.0,336.0
NM,2022,92.34,375.0,349.0,92.26,375.0,348.0,85.88,375.0,326.0
NM,2023,93.0,392.0,361.0,92.13,392.0,360.0,80.83,392.0,324.0
NM,2024,91.27,282.0,255.0,91.27,282.0,255.0,80.9,282.0,232.0
NV,1995,85.83,196.0,167.0,85.83,196.0,167.0,72.01,196.0,144.0
NV,1996,82.29,252.0,216.0,82.03,252.0,215.0,70.66,252.0,186.0
NV,1997,87.86,284.0,252.0,87.86,284.0,252.0,76.72,284.0,223.0
NV,1998,100.0,35.0,35.0,100.0,35.0,35.0,90.34,35.0,33.0
NV,1999,89.02,313.0,280.0,88.75,313.0,279.0,76.86,313.0,244.0
NV,2000,88.05,329.0,293.0,88.05,329.0,293.0,79.07,329.0,268.0
NV,2001,86.35,297.0,260.0,86.0,297.0,259.0,75.77,297.0,229.0
NV,2002,90.55,258.0,238.0,89.41,258.0,236.0,78.99,258.0,212.0
NV,2003,89.23,282.0,255.0,89.23,282.0,255.0,81.26,282.0,235.0
NV,2004,87.41,317.0,282.0,87.41,317.0,282.0,72.8,317.0,245.0
NV,2005,86.6,347.0,310.0,85.72,347.0,306.0,73.52,347.0,271.0
NV,2006,86.33,240.0,210.0,85.1,240.0,207.0,73.83,240.0,182.0
NV,2007,87.65,232.0,205.0,86.31,232.0,202.0,71.43,232.0,179.0
NV,2008,89.71,246.0,218.0,87.99,246.0,214.0,76.02,246.0,187.0
NV,2009,87.65,320.0,278.0,86.29,320.0,276.0,75.49,320.0,246.0
NV,2010,87.36,229.0,201.0,86.96,229.0,200.0,76.93,229.0,178.0
NV,2011,90.66,279.0,252.0,90.34,279.0,251.0,80.0,279.0,224.0
NV,2012,90.39,287.0,258.0,89.84,287.0,257.0,81.0,287.0,234.0
NV,2013,90.66,298.0,268.0,90.41,298.0,267.0,81.05,298.0,243.0
NV,2014,90.74,297.0,270.0,90.41,297.0,268.0,80.96,297.0,244.0
NV,2015,93.93,214.0,201.0,93.69,214.0,200.0,84.72,214.0,184.0
NV,2016,90.54,202.0,182.0,90.54,202.0,182.0,82.0,202.0,165.0
NV,2017,93.44,235.0,217.0,92.43,235.0,215.0,81.97,235.0,189.0
NV,2018,87.35,260.0,228.0,87.03,260.0,227.0,76.16,260.0,203.0
NV,2019,93.61,387.0,358.0,92.41,387.0,356.0,82.76,387.0,319.0
NV,2020,94.36,325.0,306.0,94.36,325.0,306.0,86.23,325.0,282.0
NV,2021,93.74,386.0,360.0,93.56,386.0,359.0,82.02,386.0,328.0
NV,2022,88.38,324.0,295.0,88.38,324.0,295.0,79.45,324.0,274.0
NV,2023,87.36,366.0,332.0,87.36,366.0,332.0,72.42,366.0,291.0
NV,2024,92.9,313.0,292.0,91.41,313.0,291.0,84.81,313.0,274.0
NY,1995,91.26,352.0,326.0,91.15,352.0,325.0,80.56,352.0,292.0
NY,1996,95.14,475.0,451.0,95.14,475.0,451.0,87.29,475.0,414.0
NY,1997,93.1,525.0,498.0,92.55,525.0,495.0,82.59,525.0,452.0
NY,1998,98.43,70.0,69.0,98.43,70.0,69.0,94.76,70.0,66.0
NY,1999,95.3,541.0,514.0,94.93,541.0,512.0,87.21,541.0,470.0
NY,2000,94.25,581.0,549.0,94.06,581.0,548.0,82.49,581.0,484.0
NY,2001,92.86,589.0,550.0,92.5,589.0,547.0,87.37,589.0,521.0
NY,2002,94.89,498.0,475.0,94.42,498.0,472.0,85.39,498.0,434.0
NY,2003,95.54,521.0,499.0,95.08,521.0,495.0,87.69,521.0,459.0
NY,2004,95.75,522.0,498.0,95.51,522.0,497.0,86.54,522.0,465.0
NY,2005,95.11,433.0,415.0,92.86,433.0,406.0,89.05,433.0,391.0
NY,2006,97.6,526.0,511.0,95.95,526.0,504.0,87.27,526.0,464.0
NY,2007,95.25,542.0,509.0,93.61,542.0,498.0,88.86,542.0,474.0
NY,2008,93.55,529.0,493.0,92.25,529.0,481.0,84.44,529.0,446.0
NY,2009,93.31,452.0,419.0,90.27,452.0,404.0,84.02,452.0,384.0
NY,2010,90.07,454.0,415.0,89.33,454.0,409.0,79.98,454.0,385.0
NY,2011,91.44,521.0,473.0,90.34,521.0,468.0,83.25,521.0,437.0
NY,2012,91.66,554.0,509.0,90.15,554.0,501.0,83.78,554.0,466.0
NY,2013,97.11,468.0,452.0,95.48,468.0,446.0,86.59,468.0,412.0
NY,2014,93.39,466.0,435.0,93.08,466.0,433.0,85.41,466.0,401.0
NY,2015,93.97,566.0,532.0,92.53,566.0,525.0,87.37,566.0,500.0
NY,2016,94.54,546.0,517.0,94.24,546.0,515.0,85.77,546.0,468.0
NY,2017,93.28,543.0,497.0,92.53,543.0,492.0,83.31,543.0,449.0
NY,2018,92.67,504.0,470.0,92.04,504.0,467.0,82.43,504.0,435.0
NY,2019,91.56,527.0,485.0,91.08,527.0,484.0,82.36,527.0,456.0
NY,2020,96.52,789.0,758.0,95.45,789.0,750.0,85.92,789.0,695.0
NY,2021,94.42,690.0,661.0,93.51,690.0,650.0,85.39,690.0,606.0
NY,2022,92.43,634.0,587.0,91.23,634.0,581.0,83.74,634.0,549.0
NY,2023,93.79,615.0,581.0,92.65,615.0,574.0,85.74,615.0,543.0
NY,2024,94.06,598.0,566.0,93.99,598.0,565.0,83.35,598.0,519.0
OH,1995,88.83,651.0,592.0,88.83,651.0,592.0,75.13,651.0,527.0
OH,1996,93.2,785.0,738.0,93.2,785.0,738.0,81.6,785.0,653.0
OH,1997,89.34,856.0,774.0,89.24,856.0,772.0,79.65,856.0,697.0
OH,1998,92.05,118.0,111.0,92.05,118.0,111.0,84.32,118.0,105.0
OH,1999,90.33,919.0,853.0,90.33,919.0,853.0,82.16,919.0,770.0
OH,2000,89.13,825.0,738.0,89.13,825.0,738.0,78.04,825.0,678.0
OH,2001,91.88,920.0,859.0,91.82,920.0,857.0,78.49,920.0,748.0
OH,2002,91.29,859.0,803.0,91.29,859.0,803.0,81.71,859.0,733.0
OH,2003,95.56,756.0,721.0,95.56,756.0,721.0,85.17,756.0,660.0
OH,2004,93.19,846.0,807.0,93.09,846.0,805.0,85.84,846.0,759.0
OH,2005,93.85,673.0,633.0,93.11,673.0,627.0,87.95,673.0,609.0
OH,2006,94.79,570.0,543.0,93.48,570.0,537.0,84.69,570.0,505.0
OH,2007,91.06,290.0,263.0,90.71,290.0,262.0,86.58,290.0,257.0
OH,2008,95.1,300.0,284.0,93.92,300.0,280.0,86.11,300.0,264.0
OH,2009,89.93,280.0,254.0,89.44,280.0,252.0,83.25,280.0,235.0
OH,2010,93.94,243.0,228.0,93.59,243.0,227.0,84.26,243.0,213.0
OH,2011,93.65,250.0,241.0,93.47,250.0,240.0,83.48,250.0,222.0
OH,2012,91.42,292.0,269.0,90.31,292.0,266.0,83.27,292.0,251.0
OH,2013,86.82,249.0,216.0,86.03,249.0,214.0,75.84,249.0,197.0
OH,2014,95.57,231.0,218.0,95.57,231.0,218.0,85.1,231.0,200.0
OH,2015,89.19,219.0,199.0,88.14,219.0,196.0,80.89,219.0,183.0
OH,2016,87.51,221.0,197.0,87.41,221.0,196.0,78.55,221.0,176.0
OH,2017,89.95,279.0,250.0,88.33,279.0,246.0,81.06,279.0,226.0
OH,2018,93.83,282.0,263.0,93.83,282.0,263.0,87.96,282.0,244.0
OH,2019,82.72,266.0,236.0,82.24,266.0,235.0,72.59,266.0,214.0
OH,2020,90.97,335.0,310.0,90.62,335.0,308.0,83.7,335.0,289.0
OH,2021,94.85,442.0,422.0,94.22,442.0,418.0,86.71,442.0,393.0
OH,2022,92.89,424.0,398.0,92.02,424.0,395.0,84.46,424.0,379.0
OH,2023,91.98,481.0,448.0,91.0,481.0,444.0,83.84,481.0,419.0
OH,2024,94.63,365.0,345.0,94.63,365.0,345.0,86.86,365.0,324.0
OK,1995,86.73,223.0,199.0,86.73,223.0,199.0,77.96,223.0,182.0
OK,1996,88.4,238.0,216.0,88.4,238.0,216.0,77.11,238.0,195.0
OK,1997,87.67,291.0,260.0,87.15,291.0,259.0,75.82,291.0,231.0
OK,1998,88.66,36.0,34.0,88.66,36.0,34.0,75.54,36.0,29.0
OK,1999,88.8,295.0,266.0,88.8,295.0,266.0,79.39,295.0,240.0
OK,2000,89.61,301.0,272.0,89.61,301.0,272.0,74.99,301.0,230.0
OK,2001,93.75,315.0,296.0,93.75,315.0,296.0,80.1,315.0,256.0
OK,2002,86.43,268.0,236.0,86.43,268.0,236.0,71.25,268.0,200.0
OK,2003,88.04,268.0,243.0,88.04,268.0,243.0,74.15,268.0,207.0
OK,2004,90.61,314.0,291.0,90.61,314.0,291.0,75.21,314.0,249.0
OK,2005,90.32,279.0,252.0,89.8,279.0,250.0,79.69,279.0,225.0
OK,2006,94.68,303.0,287.0,94.11,303.0,284.0,86.33,303.0,257.0
OK,2007,91.19,270.0,249.0,89.88,270.0,244.0,82.73,270.0,226.0
OK,2008,92.34,261.0,244.0,92.34,261.0,244.0,78.68,261.0,218.0
OK,2009,94.2,306.0,285.0,94.2,306.0,285.0,83.75,306.0,254.0
OK,2010,91.25,326.0,303.0,91.02,326.0,302.0,77.62,326.0,260.0
OK,2011,95.4,279.0,261.0,95.08,279.0,260.0,83.67,279.0,235.0
OK,2012,91.08,282.0,257.0,89.97,282.0,256.0,79.09,282.0,222.0
OK,2013,90.09,301.0,271.0,89.85,301.0,270.0,79.15,301.0,242.0
OK,2014,91.98,247.0,230.0,91.98,247.0,230.0,80.42,247.0,208.0
OK,2015,93.9,220.0,209.0,92.59,220.0,206.0,85.73,220.0,193.0
OK,2016,89.75,216.0,193.0,89.75,216.0,193.0,80.59,216.0,176.0
OK,2017,92.0,219.0,197.0,91.7,219.0,196.0,78.45,219.0,174.0
OK,2018,92.71,329.0,302.0,92.16,329.0,300.0,84.21,329.0,279.0
OK,2019,90.32,302.0,270.0,89.12,302.0,268.0,83.72,302.0,248.0
OK,2020,91.11,190.0,169.0,91.11,190.0,169.0,75.76,190.0,150.0
OK,2021,90.6,192.0,175.0,90.27,192.0,174.0,81.98,192.0,160.0
OK,2022,88.62,257.0,234.0,88.62,257.0,234.0,75.81,257.0,207.0
OK,2023,91.84,271.0,248.0,91.84,271.0,248.0,84.44,271.0,230.0
OK,2024,90.3,211.0,190.0,90.3,211.0,190.0,75.12,211.0,161.0
OR,1995,87.97,216.0,192.0,87.97,216.0,192.0,74.99,216.0,166.0
OR,1996,86.51,299.0,263.0,86.2,299.0,262.0,74.86,299.0,231.0
OR,1997,88.35,318.0,286.0,88.35,318.0,286.0,78.5,318.0,255.0
OR,1998,92.31,32.0,29.0,92.31,32.0,29.0,75.98,32.0,26.0
OR,1999,86.56,278.0,246.0,86.12,278.0,245.0,79.34,278.0,231.0
OR,2000,91.15,292.0,264.0,91.15,292.0,264.0,84.32,292.0,247.0
OR,2001,89.72,286.0,261.0,89.44,286.0,260.0,78.21,286.0,234.0
OR,2002,87.52,283.0,251.0,86.63,283.0,248.0,78.7,283.0,227.0
OR,2003,92.61,262.0,243.0,92.37,262.0,242.0,83.28,262.0,224.0
OR,2004,94.19,279.0,263.0,93.74,279.0,262.0,84.83,279.0,240.0
OR,2005,84.65,203.0,172.0,82.75,203.0,167.0,78.72,203.0,165.0
OR,2006,89.87,220.0,196.0,88.7,220.0,194.0,83.03,220.0,181.0
OR,2007,90.05,214.0,193.0,88.92,214.0,192.0,77.79,214.0,175.0
OR,2008,92.49,224.0,205.0,91.97,224.0,204.0,79.69,224.0,183.0
OR,2009,88.82,316.0,282.0,88.06,316.0,279.0,82.08,316.0,270.0
OR,2010,93.15,273.0,253.0,92.76,273.0,252.0,83.68,273.0,231.0
OR,2011,90.95,268.0,235.0,90.95,268.0,235.0,80.75,268.0,224.0
OR,2012,88.14,296.0,259.0,87.32,296.0,256.0,81.25,296.0,244.0
OR,2013,89.66,275.0,247.0,89.39,275.0,246.0,83.77,275.0,233.0
OR,2014,85.13,239.0,207.0,85.13,239.0,207.0,80.7,239.0,197.0
OR,2015,95.89,192.0,181.0,94.11,192.0,179.0,85.8,192.0,165.0
OR,2016,88.46,256.0,227.0,86.71,256.0,224.0,79.28,256.0,204.0
OR,2017,91.36,254.0,231.0,90.27,254.0,228.0,79.66,254.0,208.0
OR,2018,95.03,192.0,178.0,94.5,192.0,177.0,79.8,192.0,162.0
OR,2019,92.65,161.0,146.0,92.65,161.0,146.0,74.18,161.0,124.0
OR,2020,95.16,299.0,285.0,95.16,299.0,285.0,87.37,299.0,260.0
OR,2021,94.34,284.0,269.0,92.24,284.0,265.0,81.65,284.0,241.0
OR,2022,91.96,215.0,199.0,91.12,215.0,197.0,76.79,215.0,176.0
OR,2023,90.56,220.0,198.0,88.69,220.0,195.0,80.19,220.0,180.0
OR,2024,96.7,277.0,266.0,96.7,277.0,266.0,85.32,277.0,238.0
PA,1995,92.21,376.0,347.0,92.21,376.0,347.0,82.58,376.0,308.0
PA,1996,91.37,520.0,477.0,91.37,520.0,477.0,82.3,520.0,433.0
PA,1997,92.19,549.0,510.0,92.12,549.0,509.0,84.17,549.0,468.0
PA,1998,92.22,76.0,71.0,92.22,76.0,71.0,86.25,76.0,66.0
PA,1999,94.87,565.0,539.0,94.31,565.0,537.0,90.01,565.0,505.0
PA,2000,92.0,596.0,553.0,92.0,596.0,553.0,84.97,596.0,499.0
PA,2001,95.77,564.0,527.0,95.54,564.0,525.0,87.11,564.0,481.0
PA,2002,92.79,486.0,456.0,92.22,486.0,454.0,83.04,486.0,399.0
PA,2003,94.1,586.0,561.0,94.1,586.0,561.0,90.79,586.0,529.0
PA,2004,95.33,572.0,545.0,94.98,572.0,544.0,89.51,572.0,502.0
PA,2005,94.6,399.0,380.0,93.6,399.0,376.0,87.84,399.0,350.0
PA,2006,95.81,754.0,718.0,94.03,754.0,708.0,87.9,754.0,653.0
PA,2007,94.58,552.0,522.0,93.78,552.0,517.0,86.38,552.0,489.0
PA,2008,94.14,609.0,576.0,92.19,609.0,563.0,88.14,609.0,536.0
PA,2009,91.62,509.0,473.0,89.33,509.0,462.0,80.86,509.0,431.0
PA,2010,93.29,562.0,527.0,92.32,562.0,520.0,87.07,562.0,491.0
PA,2011,92.68,581.0,541.0,92.68,581.0,541.0,85.7,581.0,509.0
PA,2012,88.05,594.0,551.0,87.02,594.0,548.0,80.15,594.0,512.0
PA,2013,94.8,585.0,558.0,93.33,585.0,553.0,88.74,585.0,522.0
PA,2014,93.05,644.0,609.0,92.03,644.0,606.0,87.0,644.0,572.0
PA,2015,91.82,575.0,536.0,90.91,575.0,529.0,88.65,575.0,506.0
PA,2016,93.52,567.0,537.0,93.04,567.0,532.0,84.66,567.0,498.0
PA,2017,91.77,543.0,506.0,91.71,543.0,504.0,83.14,543.0,464.0
PA,2018,95.32,548.0,520.0,94.93,548.0,514.0,86.09,548.0,488.0
PA,2019,94.74,500.0,467.0,94.4,500.0,462.0,89.58,500.0,440.0
PA,2020,95.77,644.0,617.0,95.11,644.0,613.0,87.24,644.0,581.0
PA,2021,96.48,677.0,644.0,95.64,677.0,636.0,84.35,677.0,586.0
PA,2022,91.19,668.0,619.0,91.04,668.0,616.0,83.6,668.0,564.0
PA,2023,91.1,706.0,651.0,89.7,706.0,642.0,80.95,706.0,603.0
PA,2024,92.26,544.0,506.0,91.09,544.0,503.0,88.27,544.0,482.0
PR,2014,,0.0,0.0,,0.0,0.0,,0.0,0.0
PR,2015,,0.0,0.0,,0.0,0.0,,0.0,0.0
PR,2016,,0.0,0.0,,0.0,0.0,,0.0,0.0
PR,2019,,0.0,0.0,,0.0,0.0,,0.0,0.0
PR,2020,,0.0,0.0,,0.0,0.0,,0.0,0.0
PR,2021,,0.0,0.0,,0.0,0.0,,0.0,0.0
PR,2022,,0.0,0.0,,0.0,0.0,,0.0,0.0
PR,2023,,0.0,0.0,,0.0,0.0,,0.0,0.0
PR,2024,,0.0,0.0,,0.0,0.0,,0.0,0.0
RI,1995,95.41,225.0,217.0,95.41,225.0,217.0,88.68,225.0,202.0
RI,1996,96.05,291.0,280.0,96.05,291.0,280.0,88.85,291.0,262.0
RI,1997,95.77,310.0,297.0,95.77,310.0,297.0,90.6,310.0,281.0
RI,1998,100.0,40.0,40.0,100.0,40.0,40.0,93.35,40.0,37.0
RI,1999,95.78,255.0,245.0,95.78,255.0,245.0,93.81,255.0,240.0
RI,2000,93.07,341.0,320.0,93.07,341.0,320.0,87.9,341.0,303.0
RI,2001,95.39,364.0,350.0,94.79,364.0,348.0,89.85,364.0,330.0
RI,2002,96.54,269.0,261.0,96.04,269.0,259.0,92.88,269.0,252.0
RI,2003,93.58,232.0,218.0,93.58,232.0,218.0,95.41,232.0,223.0
RI,2004,95.65,284.0,273.0,95.65,284.0,273.0,94.74,284.0,263.0
RI,2005,97.83,267.0,260.0,95.16,267.0,252.0,87.94,267.0,238.0
RI,2006,97.11,303.0,295.0,96.13,303.0,292.0,86.6,303.0,262.0
RI,2007,96.96,238.0,231.0,94.67,238.0,227.0,84.92,238.0,204.0
RI,2008,94.67,224.0,211.0,93.68,224.0,208.0,88.45,224.0,196.0
RI,2009,92.04,307.0,285.0,90.76,307.0,279.0,82.27,307.0,261.0
RI,2010,96.79,231.0,221.0,95.81,231.0,219.0,85.77,231.0,200.0
RI,2011,96.94,340.0,326.0,96.94,340.0,326.0,85.61,340.0,298.0
RI,2012,96.16,293.0,281.0,94.35,293.0,277.0,88.97,293.0,265.0
RI,2013,96.36,207.0,198.0,95.62,207.0,197.0,91.62,207.0,189.0
RI,2014,94.99,207.0,198.0,94.6,207.0,197.0,88.79,207.0,186.0
RI,2015,95.31,272.0,261.0,94.52,272.0,259.0,90.52,272.0,248.0
RI,2016,95.42,239.0,227.0,95.42,239.0,227.0,88.74,239.0,214.0
RI,2017,95.63,249.0,238.0,95.27,249.0,237.0,89.24,249.0,222.0
RI,2018,97.52,249.0,241.0,97.08,249.0,240.0,87.8,249.0,220.0
RI,2019,94.92,249.0,235.0,94.92,249.0,235.0,89.96,249.0,224.0
RI,2020,94.84,200.0,194.0,93.88,200.0,193.0,88.0,200.0,179.0
RI,2021,98.31,247.0,244.0,97.56,247.0,242.0,92.85,247.0,229.0
RI,2022,97.83,327.0,319.0,97.72,327.0,318.0,91.37,327.0,297.0
RI,2023,96.08,368.0,354.0,94.8,368.0,351.0,89.94,368.0,332.0
RI,2024,95.91,298.0,288.0,95.59,298.0,287.0,92.5,298.0,276.0
SC,1995,87.85,224.0,203.0,87.6,224.0,202.0,78.37,224.0,183.0
SC,1996,94.8,275.0,261.0,94.8,275.0,261.0,87.86,275.0,244.0
SC,1997,90.56,311.0,285.0,90.56,311.0,285.0,83.53,311.0,264.0
SC,1998,90.16,38.0,34.0,90.16,38.0,34.0,88.94,38.0,33.0
SC,1999,91.36,333.0,307.0,90.93,333.0,306.0,83.72,333.0,286.0
SC,2000,92.13,309.0,288.0,92.13,309.0,288.0,82.74,309.0,263.0
SC,2001,94.97,296.0,281.0,94.72,296.0,280.0,82.71,296.0,250.0
SC,2002,92.63,261.0,247.0,92.63,261.0,247.0,82.25,261.0,220.0
SC,2003,91.85,256.0,235.0,91.56,256.0,234.0,86.26,256.0,225.0
SC,2004,92.02,251.0,235.0,92.02,251.0,235.0,83.69,251.0,221.0
SC,2005,89.12,276.0,251.0,87.28,276.0,246.0,82.61,276.0,235.0
SC,2006,94.55,330.0,316.0,93.92,330.0,313.0,85.92,330.0,294.0
SC,2007,93.08,364.0,342.0,92.54,364.0,340.0,84.18,364.0,314.0
SC,2008,89.37,345.0,312.0,88.54,345.0,309.0,84.68,345.0,298.0
SC,2009,89.19,257.0,234.0,86.93,257.0,228.0,81.75,257.0,215.0
SC,2010,91.95,300.0,274.0,91.72,300.0,273.0,86.61,300.0,259.0
SC,2011,91.96,230.0,209.0,91.4,230.0,208.0,80.6,230.0,187.0
SC,2012,93.88,299.0,277.0,93.24,299.0,274.0,80.91,299.0,249.0
SC,2013,90.9,207.0,188.0,89.2,207.0,185.0,77.32,207.0,167.0
SC,2014,90.82,249.0,230.0,90.82,249.0,230.0,85.14,249.0,212.0
SC,2015,90.53,259.0,239.0,88.54,259.0,235.0,77.54,259.0,217.0
SC,2016,93.53,282.0,262.0,93.53,282.0,262.0,84.91,282.0,240.0
SC,2017,89.12,238.0,214.0,87.98,238.0,211.0,81.39,238.0,198.0
SC,2018,92.13,296.0,270.0,91.14,296.0,265.0,88.42,296.0,252.0
SC,2019,92.78,287.0,262.0,92.63,287.0,261.0,83.74,287.0,234.0
SC,2020,92.11,264.0,246.0,92.11,264.0,246.0,84.78,264.0,226.0
SC,2021,94.35,235.0,221.0,93.09,235.0,219.0,81.68,235.0,199.0
SC,2022,91.47,266.0,243.0,89.33,266.0,239.0,83.09,266.0,226.0
SC,2023,91.67,264.0,244.0,91.67,264.0,244.0,86.28,264.0,232.0
SC,2024,94.65,277.0,261.0,93.58,277.0,259.0,84.89,277.0,235.0
SD,1995,88.18,256.0,231.0,88.18,256.0,231.0,80.94,256.0,212.0
SD,1996,93.16,300.0,282.0,93.16,300.0,282.0,84.59,300.0,259.0
SD,1997,89.94,318.0,292.0,89.94,318.0,292.0,80.13,318.0,265.0
SD,1998,96.37,55.0,53.0,96.37,55.0,53.0,83.67,55.0,46.0
SD,1999,93.04,327.0,300.0,93.04,327.0,300.0,86.47,327.0,280.0
SD,2000,91.66,302.0,279.0,91.3,302.0,278.0,80.63,302.0,247.0
SD,2001,93.71,265.0,249.0,93.71,265.0,249.0,83.17,265.0,222.0
SD,2002,95.51,282.0,271.0,95.51,282.0,271.0,84.35,282.0,249.0
SD,2003,91.34,256.0,236.0,91.34,256.0,236.0,86.38,256.0,225.0
SD,2004,95.6,266.0,255.0,93.71,266.0,253.0,90.33,266.0,247.0
SD,2005,94.64,262.0,246.0,94.43,262.0,245.0,89.71,262.0,232.0
SD,2006,95.31,296.0,282.0,94.31,296.0,279.0,85.5,296.0,261.0
SD,2007,95.99,247.0,231.0,95.01,247.0,228.0,88.67,247.0,213.0
SD,2008,93.97,305.0,289.0,93.73,305.0,288.0,84.29,305.0,262.0
SD,2009,93.08,230.0,214.0,92.78,230.0,213.0,82.38,230.0,193.0
SD,2010,93.27,285.0,265.0,92.05,285.0,260.0,80.08,285.0,234.0
SD,2011,90.9,218.0,205.0,90.9,218.0,205.0,81.78,218.0,190.0
SD,2012,93.34,275.0,253.0,93.34,275.0,253.0,79.25,275.0,225.0
SD,2013,94.08,189.0,178.0,93.12,189.0,176.0,86.47,189.0,163.0
SD,2014,95.58,199.0,188.0,94.15,199.0,186.0,87.78,199.0,174.0
SD,2015,92.41,219.0,205.0,91.42,219.0,203.0,83.09,219.0,185.0
SD,2016,93.63,262.0,245.0,93.63,262.0,245.0,80.34,262.0,219.0
SD,2017,90.1,244.0,220.0,89.88,244.0,219.0,81.81,244.0,201.0
SD,2018,90.45,209.0,191.0,90.08,209.0,190.0,77.1,209.0,168.0
SD,2019,93.74,240.0,222.0,92.54,240.0,219.0,83.52,240.0,199.0
SD,2020,95.01,471.0,453.0,94.87,471.0,452.0,84.4,471.0,411.0
SD,2021,92.59,327.0,303.0,92.59,327.0,303.0,78.3,327.0,266.0
SD,2022,89.85,284.0,262.0,89.85,284.0,262.0,79.83,284.0,242.0
SD,2023,92.38,296.0,272.0,92.25,296.0,270.0,76.46,296.0,242.0
SD,2024,92.88,230.0,211.0,92.88,230.0,211.0,78.1,230.0,181.0
TN,1995,88.15,660.0,589.0,88.15,660.0,589.0,76.55,660.0,517.0
TN,1996,89.69,827.0,742.0,89.69,827.0,742.0,83.4,827.0,693.0
TN,1997,90.51,881.0,801.0,90.42,881.0,800.0,83.97,881.0,744.0
TN,1998,95.48,105.0,102.0,95.48,105.0,102.0,84.97,105.0,92.0
TN,1999,89.99,865.0,776.0,89.58,865.0,773.0,82.41,865.0,727.0
TN,2000,90.63,854.0,780.0,90.63,854.0,780.0,85.29,854.0,726.0
TN,2001,94.19,916.0,850.0,94.19,916.0,850.0,86.26,916.0,784.0
TN,2002,92.6,826.0,756.0,92.53,826.0,755.0,83.01,826.0,680.0
TN,2003,94.65,892.0,844.0,94.65,892.0,844.0,83.53,892.0,768.0
TN,2004,91.69,818.0,759.0,91.28,818.0,757.0,86.81,818.0,717.0
TN,2005,92.47,713.0,666.0,92.04,713.0,659.0,85.75,713.0,630.0
TN,2006,93.67,543.0,504.0,92.98,543.0,497.0,85.48,543.0,462.0
TN,2007,94.53,271.0,260.0,94.53,271.0,260.0,84.82,271.0,235.0
TN,2008,96.03,335.0,321.0,95.56,335.0,320.0,87.73,335.0,296.0
TN,2009,95.38,339.0,319.0,94.74,339.0,317.0,88.97,339.0,296.0
TN,2010,95.48,277.0,263.0,93.92,277.0,260.0,89.34,277.0,245.0
TN,2011,92.46,262.0,241.0,90.79,262.0,238.0,84.41,262.0,219.0
TN,2012,92.79,303.0,281.0,92.2,303.0,280.0,82.03,303.0,254.0
TN,2013,92.97,260.0,245.0,92.31,260.0,244.0,81.13,260.0,214.0
TN,2014,95.76,273.0,255.0,95.76,273.0,255.0,80.69,273.0,225.0
TN,2015,91.28,210.0,194.0,90.21,210.0,192.0,81.2,210.0,174.0
TN,2016,87.58,237.0,209.0,86.21,237.0,207.0,81.43,237.0,196.0
TN,2017,92.93,272.0,257.0,92.33,272.0,255.0,88.53,272.0,240.0
TN,2018,91.67,228.0,205.0,90.98,228.0,204.0,82.88,228.0,188.0
TN,2019,92.77,179.0,168.0,91.95,179.0,166.0,78.93,179.0,151.0
TN,2020,94.35,440.0,409.0,93.51,440.0,406.0,82.47,440.0,371.0
TN,2021,93.4,408.0,387.0,92.74,408.0,381.0,86.23,408.0,360.0
TN,2022,95.11,347.0,337.0,93.97,347.0,334.0,85.04,347.0,307.0
TN,2023,93.81,365.0,343.0,92.68,365.0,339.0,82.13,365.0,319.0
TN,2024,93.73,330.0,304.0,93.73,330.0,304.0,86.33,330.0,280.0
TX,1995,88.72,962.0,848.0,88.72,962.0,848.0,74.15,962.0,729.0
TX,1996,88.75,1184.0,1044.0,88.43,1184.0,1041.0,76.87,1184.0,894.0
TX,1997,88.2,1322.0,1166.0,87.64,1322.0,1161.0,77.55,1322.0,1017.0
TX,1998,87.25,175.0,154.0,86.36,175.0,152.0,81.21,175.0,140.0
TX,1999,88.22,1407.0,1248.0,87.92,1407.0,1245.0,77.53,1407.0,1091.0
TX,2000,87.25,1596.0,1398.0,87.24,1596.0,1397.0,72.82,1596.0,1201.0
TX,2001,90.43,1594.0,1414.0,90.4,1594.0,1412.0,78.56,1594.0,1237.0
TX,2002,87.8,1345.0,1220.0,87.66,1345.0,1215.0,74.62,1345.0,1072.0
TX,2003,91.39,1417.0,1300.0,91.39,1417.0,1300.0,80.62,1417.0,1176.0
TX,2004,89.19,1454.0,1325.0,89.19,1454.0,1325.0,78.2,1454.0,1166.0
TX,2005,90.41,1199.0,1098.0,89.11,1199.0,1082.0,83.69,1199.0,994.0
TX,2006,93.0,1422.0,1315.0,92.1,1422.0,1293.0,81.47,1422.0,1168.0
TX,2007,90.94,1432.0,1311.0,90.39,1432.0,1296.0,82.08,1432.0,1172.0
TX,2008,94.04,1377.0,1291.0,93.67,1377.0,1273.0,82.96,1377.0,1154.0
TX,2009,90.29,1266.0,1139.0,88.46,1266.0,1115.0,82.1,1266.0,1033.0
TX,2010,91.98,1379.0,1271.0,91.83,1379.0,1263.0,83.87,1379.0,1161.0
TX,2011,93.95,1431.0,1342.0,93.25,1431.0,1329.0,82.72,1431.0,1192.0
TX,2012,90.74,1736.0,1588.0,89.7,1736.0,1561.0,77.45,1736.0,1400.0
TX,2013,94.32,1045.0,974.0,92.74,1045.0,967.0,81.53,1045.0,860.0
TX,2014,91.5,1299.0,1212.0,90.36,1299.0,1200.0,78.17,1299.0,1073.0
TX,2015,93.42,1500.0,1400.0,92.55,1500.0,1372.0,82.08,1500.0,1257.0
TX,2016,91.07,1305.0,1213.0,89.78,1305.0,1194.0,81.33,1305.0,1076.0
TX,2017,92.16,1545.0,1438.0,90.34,1545.0,1417.0,81.24,1545.0,1288.0
TX,2018,92.17,1747.0,1624.0,90.78,1747.0,1596.0,83.04,1747.0,1460.0
TX,2019,89.7,1397.0,1281.0,88.54,1397.0,1272.0,80.57,1397.0,1153.0
TX,2020,93.07,988.0,911.0,92.9,988.0,906.0,80.31,988.0,797.0
TX,2021,90.78,1038.0,949.0,89.47,1038.0,937.0,84.48,1038.0,876.0
TX,2022,91.63,793.0,718.0,91.45,793.0,715.0,79.79,793.0,651.0
TX,2023,93.91,742.0,663.0,93.29,742.0,654.0,82.96,742.0,597.0
TX,2024,90.11,928.0,846.0,90.1,928.0,845.0,79.1,928.0,758.0
UT,1995,84.96,258.0,223.0,84.96,258.0,223.0,69.43,258.0,189.0
UT,1996,87.44,290.0,254.0,87.44,290.0,254.0,70.1,290.0,204.0
UT,1997,86.05,315.0,277.0,86.05,315.0,277.0,73.66,315.0,241.0
UT,1998,87.0,44.0,39.0,84.99,44.0,38.0,76.7,44.0,34.0
UT,1999,92.3,298.0,279.0,92.3,298.0,279.0,83.48,298.0,252.0
UT,2000,89.68,294.0,263.0,89.68,294.0,263.0,81.02,294.0,238.0
UT,2001,89.1,302.0,272.0,89.1,302.0,272.0,79.42,302.0,246.0
UT,2002,94.02,274.0,258.0,94.02,274.0,258.0,82.56,274.0,231.0
UT,2003,88.58,269.0,243.0,88.58,269.0,243.0,82.37,269.0,229.0
UT,2004,89.85,297.0,266.0,89.85,297.0,266.0,77.56,297.0,240.0
UT,2005,91.41,204.0,188.0,89.01,204.0,184.0,80.88,204.0,172.0
UT,2006,92.41,226.0,210.0,92.41,226.0,210.0,84.39,226.0,192.0
UT,2007,91.34,309.0,280.0,90.88,309.0,279.0,82.22,309.0,252.0
UT,2008,91.42,232.0,214.0,90.75,232.0,212.0,83.09,232.0,197.0
UT,2009,91.76,289.0,266.0,91.29,289.0,263.0,85.51,289.0,249.0
UT,2010,87.43,348.0,307.0,85.46,348.0,304.0,79.54,348.0,282.0
UT,2011,91.67,320.0,290.0,91.21,320.0,288.0,82.64,320.0,265.0
UT,2012,87.52,271.0,240.0,87.29,271.0,239.0,80.51,271.0,222.0
UT,2013,93.66,249.0,230.0,92.57,249.0,227.0,90.31,249.0,220.0
UT,2014,85.64,263.0,232.0,85.35,263.0,230.0,81.87,263.0,212.0
UT,2015,89.65,247.0,228.0,89.21,247.0,227.0,82.01,247.0,204.0
UT,2016,88.63,252.0,232.0,88.63,252.0,232.0,79.68,252.0,211.0
UT,2017,89.45,249.0,220.0,88.72,249.0,218.0,80.58,249.0,200.0
UT,2018,92.6,277.0,255.0,91.71,277.0,251.0,84.75,277.0,237.0
UT,2019,91.42,256.0,234.0,91.32,256.0,233.0,86.23,256.0,218.0
UT,2020,94.95,210.0,196.0,94.19,210.0,194.0,87.51,210.0,180.0
UT,2021,95.7,384.0,368.0,94.79,384.0,366.0,89.49,384.0,344.0
UT,2022,96.92,335.0,322.0,96.88,335.0,321.0,89.5,335.0,300.0
UT,2023,91.89,338.0,307.0,90.88,338.0,305.0,85.58,338.0,288.0
UT,2024,92.58,249.0,230.0,92.08,249.0,229.0,85.1,249.0,215.0
VA,1995,83.72,215.0,191.0,83.72,215.0,191.0,75.6,215.0,170.0
VA,1996,88.01,280.0,248.0,88.01,280.0,248.0,81.4,280.0,231.0
VA,1997,89.49,310.0,280.0,89.49,310.0,280.0,76.18,310.0,243.0
VA,1998,88.23,45.0,40.0,88.23,45.0,40.0,75.84,45.0,35.0
VA,1999,89.37,272.0,249.0,89.37,272.0,249.0,87.12,272.0,240.0
VA,2000,91.29,273.0,252.0,91.29,273.0,252.0,78.3,273.0,222.0
VA,2001,91.01,243.0,223.0,91.01,243.0,223.0,83.3,243.0,209.0
VA,2002,90.28,272.0,248.0,90.28,272.0,248.0,81.35,272.0,229.0
VA,2003,92.88,280.0,266.0,92.88,280.0,266.0,90.08,280.0,257.0
VA,2004,96.7,273.0,262.0,96.57,273.0,261.0,88.18,273.0,246.0
VA,2005,93.82,266.0,251.0,93.29,266.0,248.0,86.71,266.0,235.0
VA,2006,94.27,280.0,268.0,93.64,280.0,266.0,86.16,280.0,246.0
VA,2007,91.63,342.0,316.0,90.88,342.0,315.0,84.1,342.0,294.0
VA,2008,93.22,225.0,211.0,92.31,225.0,208.0,80.3,225.0,186.0
VA,2009,87.04,278.0,252.0,85.85,278.0,249.0,79.22,278.0,234.0
VA,2010,92.9,382.0,355.0,92.3,382.0,354.0,88.25,382.0,344.0
VA,2011,89.59,336.0,311.0,88.67,336.0,308.0,84.54,336.0,301.0
VA,2012,95.48,294.0,280.0,94.29,294.0,279.0,82.69,294.0,254.0
VA,2013,90.46,274.0,253.0,88.65,274.0,249.0,78.82,274.0,241.0
VA,2014,92.92,286.0,270.0,91.45,286.0,267.0,87.24,286.0,257.0
VA,2015,85.82,373.0,346.0,83.41,373.0,341.0,80.61,373.0,326.0
VA,2016,91.44,368.0,348.0,90.38,368.0,346.0,85.77,368.0,324.0
VA,2017,97.82,356.0,344.0,97.59,356.0,342.0,92.76,356.0,320.0
VA,2018,93.8,384.0,366.0,93.73,384.0,364.0,89.8,384.0,352.0
VA,2019,93.9,358.0,338.0,93.86,358.0,337.0,89.12,358.0,321.0
VA,2020,93.37,525.0,497.0,93.25,525.0,492.0,83.55,525.0,465.0
VA,2021,95.27,520.0,503.0,94.49,520.0,499.0,91.01,520.0,482.0
VA,2022,93.75,504.0,473.0,93.01,504.0,469.0,86.18,504.0,438.0
VA,2023,88.53,483.0,442.0,87.25,483.0,439.0,79.9,483.0,401.0
VA,2024,94.45,368.0,349.0,94.4,368.0,348.0,85.16,368.0,316.0
VI,2009,,0.0,0.0,,0.0,0.0,,0.0,0.0
VI,2010,,0.0,0.0,,0.0,0.0,,0.0,0.0
VI,2011,,0.0,0.0,,0.0,0.0,,0.0,0.0
VI,2012,,0.0,0.0,,0.0,0.0,,0.0,0.0
VI,2013,,0.0,0.0,,0.0,0.0,,0.0,0.0
VT,1995,96.42,225.0,217.0,96.42,225.0,217.0,89.91,225.0,204.0
VT,1996,93.67,328.0,310.0,93.67,328.0,310.0,90.13,328.0,301.0
VT,1997,95.28,341.0,325.0,95.28,341.0,325.0,93.07,341.0,319.0
VT,1998,97.75,44.0,43.0,97.75,44.0,43.0,92.8,44.0,41.0
VT,1999,99.38,315.0,312.0,99.38,315.0,312.0,94.81,315.0,299.0
VT,2000,93.1,317.0,298.0,93.1,317.0,298.0,87.89,317.0,282.0
VT,2001,95.61,331.0,316.0,95.61,331.0,316.0,91.7,331.0,304.0
VT,2002,95.46,284.0,269.0,94.74,284.0,267.0,90.98,284.0,258.0
VT,2003,96.42,288.0,275.0,96.42,288.0,275.0,93.3,288.0,265.0
VT,2004,94.37,290.0,275.0,94.37,290.0,275.0,91.53,290.0,265.0
VT,2005,95.01,173.0,164.0,92.6,173.0,159.0,86.24,173.0,148.0
VT,2006,95.97,222.0,208.0,95.06,222.0,205.0,88.66,222.0,197.0
VT,2007,93.77,210.0,199.0,93.56,210.0,198.0,81.94,210.0,175.0
VT,2008,90.75,232.0,208.0,88.08,232.0,202.0,79.78,232.0,186.0
VT,2009,92.64,331.0,304.0,91.91,331.0,301.0,83.23,331.0,274.0
VT,2010,93.14,235.0,215.0,92.72,235.0,214.0,85.98,235.0,201.0
VT,2011,95.27,249.0,232.0,95.27,249.0,232.0,87.69,249.0,219.0
VT,2012,91.93,257.0,236.0,91.68,257.0,235.0,86.05,257.0,225.0
VT,2013,91.81,280.0,256.0,91.23,280.0,255.0,85.8,280.0,246.0
VT,2014,93.38,246.0,227.0,93.2,246.0,226.0,86.11,246.0,215.0
VT,2015,95.51,262.0,249.0,95.51,262.0,249.0,89.24,262.0,234.0
VT,2016,95.58,287.0,274.0,95.18,287.0,273.0,87.32,287.0,253.0
VT,2017,94.65,251.0,238.0,93.71,251.0,237.0,85.53,251.0,216.0
VT,2018,92.57,232.0,213.0,91.97,232.0,212.0,86.6,232.0,203.0
VT,2019,95.06,318.0,304.0,95.06,318.0,304.0,87.15,318.0,282.0
VT,2020,95.54,351.0,335.0,94.92,351.0,333.0,88.36,351.0,315.0
VT,2021,95.63,323.0,310.0,95.63,323.0,310.0,90.83,323.0,292.0
VT,2022,94.82,317.0,306.0,94.82,317.0,306.0,88.34,317.0,288.0
VT,2023,96.09,326.0,313.0,95.82,326.0,312.0,88.57,326.0,292.0
VT,2024,99.43,270.0,267.0,99.43,270.0,267.0,89.35,270.0,243.0
WA,1995,89.73,451.0,412.0,89.73,451.0,412.0,81.49,451.0,382.0
WA,1996,91.71,553.0,517.0,91.71,553.0,517.0,81.09,553.0,460.0
WA,1997,91.21,619.0,569.0,91.14,619.0,568.0,83.62,619.0,528.0
WA,1998,94.24,62.0,59.0,94.24,62.0,59.0,88.51,62.0,56.0
WA,1999,89.47,616.0,557.0,89.28,616.0,556.0,80.94,616.0,511.0
WA,2000,90.23,570.0,509.0,90.23,570.0,509.0,82.6,570.0,471.0
WA,2001,89.55,592.0,539.0,89.35,592.0,538.0,79.94,592.0,484.0
WA,2002,89.84,548.0,499.0,89.59,548.0,497.0,77.39,548.0,429.0
WA,2003,93.54,580.0,549.0,93.47,580.0,548.0,83.69,580.0,503.0
WA,2004,92.3,548.0,511.0,92.3,548.0,511.0,84.98,548.0,480.0
WA,2005,91.1,397.0,364.0,90.57,397.0,361.0,85.06,397.0,346.0
WA,2006,88.84,666.0,607.0,87.49,666.0,598.0,86.55,666.0,585.0
WA,2007,92.25,447.0,414.0,90.52,447.0,407.0,80.89,447.0,379.0
WA,2008,92.27,430.0,391.0,91.21,430.0,386.0,82.66,430.0,360.0
WA,2009,91.29,472.0,423.0,90.83,472.0,421.0,82.25,472.0,377.0
WA,2010,90.7,427.0,386.0,89.8,427.0,383.0,81.85,427.0,357.0
WA,2011,90.79,258.0,234.0,89.34,258.0,231.0,87.07,258.0,225.0
WA,2012,86.44,256.0,228.0,84.84,256.0,226.0,83.95,256.0,217.0
WA,2013,94.23,222.0,207.0,93.48,222.0,205.0,79.76,222.0,184.0
WA,2014,87.26,238.0,215.0,86.34,238.0,214.0,81.59,238.0,202.0
WA,2015,95.28,309.0,291.0,95.28,309.0,291.0,87.34,309.0,269.0
WA,2016,93.15,320.0,300.0,91.05,320.0,295.0,85.84,320.0,278.0
WA,2017,89.28,272.0,245.0,88.54,272.0,243.0,80.99,272.0,221.0
WA,2018,93.44,240.0,219.0,92.3,240.0,215.0,79.05,240.0,192.0
WA,2019,93.55,389.0,360.0,93.32,389.0,359.0,86.45,389.0,336.0
WA,2020,95.48,560.0,535.0,94.4,560.0,530.0,86.85,560.0,490.0
WA,2021,94.06,478.0,451.0,91.87,478.0,442.0,85.41,478.0,419.0
WA,2022,92.74,394.0,374.0,92.58,394.0,373.0,87.15,394.0,347.0
WA,2023,92.74,462.0,429.0,91.58,462.0,422.0,83.49,462.0,397.0
WA,2024,95.03,346.0,326.0,94.69,346.0,325.0,87.93,346.0,304.0
WI,1995,92.79,461.0,431.0,92.79,461.0,431.0,78.55,461.0,368.0
WI,1996,90.2,570.0,520.0,90.2,570.0,520.0,82.49,570.0,471.0
WI,1997,91.57,646.0,600.0,91.32,646.0,599.0,85.19,646.0,543.0
WI,1998,92.81,77.0,71.0,92.81,77.0,71.0,81.73,77.0,67.0
WI,1999,94.48,550.0,520.0,94.16,550.0,519.0,87.6,550.0,479.0
WI,2000,90.97,556.0,501.0,90.97,556.0,501.0,85.08,556.0,466.0
WI,2001,92.65,601.0,553.0,92.34,601.0,552.0,87.24,601.0,513.0
WI,2002,93.36,552.0,515.0,92.87,552.0,513.0,86.19,552.0,478.0
WI,2003,94.34,516.0,494.0,94.15,516.0,493.0,86.76,516.0,463.0
WI,2004,93.61,549.0,512.0,93.61,549.0,512.0,88.17,549.0,479.0
WI,2005,93.79,417.0,392.0,91.56,417.0,383.0,86.61,417.0,367.0
WI,2006,95.31,495.0,468.0,94.03,495.0,461.0,92.12,495.0,449.0
WI,2007,93.08,253.0,238.0,91.38,253.0,235.0,81.97,253.0,216.0
WI,2008,95.56,222.0,214.0,94.26,222.0,212.0,88.15,222.0,203.0
WI,2009,95.78,317.0,302.0,94.36,317.0,297.0,88.85,317.0,281.0
WI,2010,93.2,296.0,275.0,93.2,296.0,275.0,88.76,296.0,267.0
WI,2011,92.46,271.0,251.0,92.46,271.0,251.0,86.93,271.0,243.0
WI,2012,90.3,277.0,256.0,89.26,277.0,254.0,87.79,277.0,249.0
WI,2013,93.18,221.0,208.0,93.18,221.0,208.0,84.04,221.0,194.0
WI,2014,93.17,240.0,225.0,93.17,240.0,225.0,84.4,240.0,204.0
WI,2015,93.53,245.0,229.0,92.37,245.0,228.0,85.17,245.0,213.0
WI,2016,91.42,221.0,203.0,90.61,221.0,202.0,86.17,221.0,193.0
WI,2017,90.71,218.0,202.0,89.86,218.0,200.0,81.06,218.0,182.0
WI,2018,96.76,307.0,294.0,96.49,307.0,293.0,90.12,307.0,273.0
WI,2019,88.09,259.0,231.0,88.09,259.0,231.0,84.21,259.0,221.0
WI,2020,91.0,188.0,176.0,91.0,188.0,176.0,77.66,188.0,159.0
WI,2021,90.59,245.0,228.0,90.59,245.0,228.0,84.06,245.0,216.0
WI,2022,95.45,278.0,264.0,95.3,278.0,263.0,83.9,278.0,241.0
WI,2023,89.65,318.0,291.0,88.56,318.0,289.0,83.28,318.0,272.0
WI,2024,91.91,280.0,255.0,91.91,280.0,255.0,87.34,280.0,245.0
WV,1995,90.42,233.0,216.0,90.42,233.0,216.0,77.85,233.0,190.0
WV,1996,87.56,272.0,240.0,87.56,272.0,240.0,75.18,272.0,214.0
WV,1997,91.46,319.0,295.0,91.46,319.0,295.0,87.37,319.0,280.0
WV,1998,97.85,43.0,42.0,97.85,43.0,42.0,93.42,43.0,40.0
WV,1999,93.31,294.0,276.0,93.31,294.0,276.0,85.81,294.0,256.0
WV,2000,92.36,276.0,254.0,92.36,276.0,254.0,80.46,276.0,228.0
WV,2001,93.78,287.0,270.0,93.78,287.0,270.0,88.2,287.0,253.0
WV,2002,93.62,256.0,237.0,93.62,256.0,237.0,82.93,256.0,215.0
WV,2003,88.72,228.0,209.0,88.72,228.0,209.0,79.33,228.0,191.0
WV,2004,94.55,308.0,291.0,94.55,308.0,291.0,88.13,308.0,275.0
WV,2005,87.92,223.0,195.0,85.66,223.0,189.0,82.61,223.0,183.0
WV,2006,92.7,248.0,234.0,91.13,248.0,229.0,83.2,248.0,212.0
WV,2007,96.19,282.0,269.0,96.19,282.0,269.0,84.5,282.0,241.0
WV,2008,90.35,300.0,276.0,88.28,300.0,271.0,84.83,300.0,262.0
WV,2009,91.26,212.0,196.0,89.23,212.0,193.0,78.81,212.0,176.0
WV,2010,92.2,304.0,281.0,92.02,304.0,280.0,83.06,304.0,256.0
WV,2011,87.36,338.0,297.0,86.56,338.0,294.0,79.13,338.0,275.0
WV,2012,84.56,250.0,213.0,84.56,250.0,213.0,79.14,250.0,204.0
WV,2013,86.02,213.0,184.0,86.02,213.0,184.0,83.42,213.0,178.0
WV,2014,89.08,259.0,237.0,88.87,259.0,236.0,77.22,259.0,211.0
WV,2015,87.89,241.0,217.0,86.66,241.0,215.0,78.55,241.0,199.0
WV,2016,89.64,235.0,212.0,89.64,235.0,212.0,80.04,235.0,192.0
WV,2017,89.99,298.0,267.0,89.86,298.0,266.0,85.32,298.0,250.0
WV,2018,89.77,298.0,271.0,89.77,298.0,271.0,82.83,298.0,253.0
WV,2019,91.23,280.0,251.0,91.08,280.0,250.0,82.47,280.0,234.0
WV,2020,91.05,231.0,214.0,90.11,231.0,212.0,84.01,231.0,198.0
WV,2021,93.07,210.0,196.0,91.97,210.0,193.0,77.12,210.0,166.0
WV,2022,90.72,260.0,237.0,89.29,260.0,235.0,80.26,260.0,214.0
WV,2023,92.22,261.0,243.0,92.22,261.0,243.0,82.77,261.0,220.0
WV,2024,96.04,311.0,298.0,96.04,311.0,298.0,90.76,311.0,282.0
WY,1995,92.17,223.0,205.0,92.17,223.0,205.0,79.71,223.0,178.0
WY,1996,87.58,297.0,265.0,87.58,297.0,265.0,81.99,297.0,251.0
WY,1997,85.63,345.0,299.0,84.39,345.0,297.0,79.95,345.0,282.0
WY,1998,87.77,42.0,37.0,87.77,42.0,37.0,87.77,42.0,37.0
WY,1999,92.62,309.0,288.0,92.62,309.0,288.0,86.34,309.0,275.0
WY,2000,91.42,326.0,299.0,91.42,326.0,299.0,82.47,326.0,273.0
WY,2001,91.82,286.0,265.0,91.57,286.0,264.0,83.69,286.0,246.0
WY,2002,89.73,268.0,242.0,89.73,268.0,242.0,78.45,268.0,217.0
WY,2003,90.81,270.0,244.0,90.81,270.0,244.0,80.99,270.0,219.0
WY,2004,93.0,279.0,259.0,92.67,279.0,258.0,86.22,279.0,236.0
WY,2005,90.89,204.0,186.0,89.42,204.0,183.0,83.08,204.0,172.0
WY,2006,88.25,283.0,254.0,87.7,283.0,252.0,77.39,283.0,224.0
WY,2007,88.15,250.0,223.0,87.47,250.0,220.0,78.72,250.0,194.0
WY,2008,89.04,259.0,231.0,87.63,259.0,228.0,73.68,259.0,194.0
WY,2009,93.77,269.0,249.0,91.3,269.0,243.0,81.25,269.0,220.0
WY,2010,94.19,243.0,227.0,92.49,243.0,222.0,82.01,243.0,199.0
WY,2011,91.25,258.0,234.0,90.47,258.0,232.0,82.77,258.0,213.0
WY,2012,91.53,257.0,231.0,91.22,257.0,229.0,79.4,257.0,205.0
WY,2013,89.37,196.0,176.0,89.0,196.0,175.0,80.94,196.0,159.0
WY,2014,90.55,218.0,196.0,90.37,218.0,195.0,72.76,218.0,174.0
WY,2015,94.21,219.0,203.0,93.54,219.0,202.0,83.18,219.0,185.0
WY,2016,89.27,250.0,221.0,88.85,250.0,220.0,76.79,250.0,193.0
WY,2017,90.24,267.0,238.0,89.14,267.0,237.0,77.61,267.0,211.0
WY,2018,89.24,241.0,215.0,88.14,241.0,213.0,75.96,241.0,189.0
WY,2019,91.95,271.0,242.0,91.52,271.0,241.0,78.56,271.0,213.0
WY,2020,92.82,318.0,294.0,92.68,318.0,293.0,82.9,318.0,264.0
WY,2021,93.84,242.0,229.0,93.26,242.0,227.0,83.41,242.0,199.0
WY,2022,89.92,275.0,252.0,89.64,275.0,250.0,81.1,275.0,227.0
WY,2023,93.19,324.0,298.0,93.19,324.0,298.0,81.86,324.0,265.0
WY,2024,85.16,268.0,234.0,84.72,268.0,233.0,73.82,268.0,203.0
