year,state,measles_coverage_pct,measles_cases_per_100k,coverage_change,incidence_change,consecutive_year
1995,CA,90.32,0.3407307450374302,,,False
1996,CA,90.73,0.14366544390717037,0.4100000000000108,-0.19706530113025986,True
1997,CA,89.4,0.07079970732016644,-1.3299999999999983,-0.07286573658700393,True
1998,CA,92.59,0.024251481803431132,3.1899999999999977,-0.046548225516735306,True
1999,CA,93.02,0.050747474477303996,0.4299999999999926,0.026495992673872863,True
2000,CA,90.89,0.04413325335603234,-2.1299999999999955,-0.006614221121271656,True
2001,CA,91.6,0.10440999391579762,0.7099999999999937,0.060276740559765285,True
2002,CA,91.07,0.008602929303163013,-0.5300000000000011,-0.09580706461263461,True
2016,CA,90.93,0.06130395661355514,,,False
2017,CA,93.02,0.03813127759989537,2.089999999999989,-0.02317267901365977,True
